province,year,emission_total_mt,emission_per_gdp_t_per_10k_cny,per_capita_t
上海,2003,136.97880163156708,,
上海,2004,148.7175914298788,,
上海,2005,158.93902088128522,1.6910565272299147,8.409472004300806
上海,2006,165.24314560321343,1.5264391671736237,8.413602118289889
上海,2007,174.77467924559377,1.3260799044415983,8.467765467325279
上海,2008,178.15461035294973,1.1975089926998523,8.321093430777662
上海,2009,179.0588244317502,1.106571893851893,8.102209250305439
上海,2010,195.5030960203689,1.0671799385377896,8.48906192012023
上海,2011,201.49475638880847,0.9874241348851984,8.552409014805114
上海,2012,195.9264595276622,0.8997812138180298,8.167005399235606
上海,2013,207.6336928198307,0.8720660445867209,8.481768497542104
上海,2014,194.22001513945983,0.7480213951335856,7.872720516394804
上海,2015,195.32384834447143,0.7020582868867048,7.946454367146926
上海,2016,194.70985091740374,0.6288285742991152,7.892576040429823
上海,2017,196.15357202830774,0.5705737980886424,7.954321655649138
上海,2018,190.64166713556907,0.5047556524660876,7.702693621639154
上海,2019,192.9122403245068,0.4793898798358568,7.775584051773753
云南,2003,34.92856783561826,,
云南,2004,24.32519174389267,,
云南,2005,39.52292414838263,1.112287849277647,0.8881555988400591
云南,2006,46.812714267084836,1.1259281397668144,1.0442273983289057
云南,2007,46.52912189272369,0.9006798662935286,1.0307736351954737
云南,2008,49.82160197304055,0.813998659821595,1.0966674438265585
云南,2009,48.26564994022908,0.7214380727067814,1.0559100840128874
云南,2010,50.39335858247346,0.640330354673801,1.095031694534408
云南,2011,53.02951498109692,0.5486076739680218,1.1478249995908425
云南,2012,56.420427619008166,0.5007893240816255,1.2183206136689304
云南,2013,98.14017924512666,0.7533597854082034,2.1146343297807944
云南,2014,67.92155315109673,0.47580439472295627,1.4597367967138777
云南,2016,55.016777407366334,0.3279962405647347,1.1763262220946404
云南,2017,47.20799744532082,0.250246479889957,1.0059236617370726
云南,2018,59.66091258634796,0.27843151364530605,1.2685713924377622
云南,2019,94.82590705916928,0.39672625860978444,2.011580548561079
内蒙,2003,11.332778200597836,,
内蒙,2004,22.624700908390007,,
内蒙,2005,148.7758738207907,,
内蒙,2006,211.38662680282823,,
内蒙,2007,275.76522564827553,,
内蒙,2008,316.16910563280237,,
内蒙,2009,385.40086936980003,,
内蒙,2010,554.4141717572238,,
内蒙,2011,631.6783387854939,,
内蒙,2012,711.7525342612042,,
内蒙,2013,726.2636517123251,,
内蒙,2014,743.5439545937778,,
内蒙,2015,827.2705388781776,,
内蒙,2016,727.2193047272531,,
内蒙,2017,809.7295415230982,,
内蒙,2018,732.6490583479566,,
内蒙,2019,872.2619962641561,,
北京,2003,81.95178762327873,,
北京,2004,88.13363242789279,,
北京,2005,92.12050896786253,1.257205952559742,5.989629971902636
北京,2006,96.66792509249613,1.1215807712410648,6.037971586039733
北京,2007,102.88992150651751,0.9588638029012666,6.139016796331593
北京,2008,99.20893921372056,0.8153533910855103,5.601859921723351
北京,2009,100.38729865591829,0.7527711230450467,5.397166594404209
北京,2010,105.0396713131478,0.6811822889012322,5.353703940527411
北京,2011,95.31082402190707,0.5399037235072597,4.709032807406476
北京,2012,97.99804428143622,0.5007999891734909,4.715979031830424
北京,2013,94.0709764350172,0.43258979322641955,4.426869479294927
北京,2014,93.25544946790635,0.3955273013165363,4.295506654440643
北京,2015,92.7629962471174,0.3563134360209011,4.239625056998054
北京,2016,89.9818072511361,0.3164061903361831,4.09939896360529
北京,2017,85.5604844096039,0.2731301715500717,3.899748605724881
北京,2018,88.40907310188835,0.25143786396983153,4.033260634210235
北京,2019,88.15542678925796,0.23341919344734283,4.025361953847396
吉林,2003,67.75361906571378,,
吉林,2004,41.39211531467013,,
吉林,2005,88.65824653834807,3.154985464515429,3.2642947915444798
吉林,2006,106.56698704754257,3.2574350312560774,3.913587478793337
吉林,2007,154.3377651378384,3.732743975084974,5.653397990397011
吉林,2008,171.5034682873353,3.496217806648496,6.272987135601145
吉林,2009,169.71688164752152,3.077201270058229,6.19404677545699
吉林,2010,175.51709277448919,2.6978141805820743,6.3894100027116565
吉林,2011,210.99738159367,2.6852308130072413,7.743023177749358
吉林,2012,212.19241144017937,2.402731324269127,7.864803982215692
吉林,2013,198.38761897506657,2.064688081250823,7.4358178026636645
吉林,2014,204.8631946230369,2.0329780155109347,7.754095178767482
吉林,2015,194.74824362515383,1.9162664556883748,7.453051803488474
吉林,2016,184.13668083189128,1.7365651042758643,7.173224808410256
吉林,2017,171.2108053490456,1.5448056063254136,6.777941621102358
吉林,2018,111.85860029809854,0.9780072420139064,4.503164263208475
吉林,2019,81.90676231466617,0.6854466526743281,3.345864473638324
四川,2003,104.84462771537497,,
四川,2004,23.377623847082873,,
四川,2005,80.66475796868924,1.1069072367193957,0.9822790790147253
四川,2006,105.49913323422045,1.226434629151259,1.2914571334829288
四川,2007,153.6472979839744,1.4366945437745982,1.8905782943764537
四川,2008,154.19229306723417,1.1914653211185358,1.8947197476927278
四川,2009,185.26244230557245,1.2868843327098292,2.2634385132018626
四川,2010,200.16037221525,1.1459541425412354,2.488009598697949
四川,2011,276.7355771862197,1.2984294972867378,3.4317407885195896
四川,2012,307.30895726305516,1.2685664636925442,3.8009765895244922
四川,2013,287.57243320933026,1.0706983037311615,3.5463365792246915
四川,2014,254.80961239594055,0.8679540573820678,3.1307238284302805
四川,2015,237.86972385778733,0.7715753098786126,2.9022660304756878
四川,2016,261.7037510683342,0.7724614249106656,3.1717822211651217
四川,2017,202.44159637434933,0.5255888848702247,2.4422921507340973
四川,2018,169.83847902474338,0.39008355503053216,2.041082550471619
四川,2019,134.88006873189562,0.28595308898694394,1.6151367349047492
天津,2003,66.20121365876663,,
天津,2004,78.2771264745021,,
天津,2005,88.98240969693035,2.777575530557197,8.531391150233015
天津,2006,95.51672306735841,2.658781435417075,8.885276564405434
天津,2007,103.44727403681642,2.4456776688452506,9.277782424826585
天津,2008,110.23020820530462,2.0883657277021888,9.373317024260597
天津,2009,122.34694942456483,2.099079528953176,9.963106630664889
天津,2010,139.15249990008962,1.9902811931473428,10.712278668213212
天津,2011,154.2893913013445,1.8722622961526127,11.50554744976469
天津,2012,160.32536079675523,1.7439939170755492,11.634641567253645
天津,2013,159.65147388633622,1.5845985577093875,11.322799566406824
天津,2014,158.10517130438132,1.4708552385701383,11.064042778473151
天津,2015,154.35309132115586,1.4174878900300836,10.726413573395126
天津,2016,148.94593237373917,1.296647796411066,10.32196343546356
天津,2017,143.99104296205374,1.1548663236237287,10.212130706528635
天津,2018,154.33680316698954,1.1508139016709258,11.15956638951479
天津,2019,158.46653470137085,1.1240993580382688,11.441627054250603
宁夏,2003,11.826499344349187,,
宁夏,2004,23.813519310914266,,
宁夏,2005,33.014315741493,5.622328975049897,5.539314721727013
宁夏,2006,13.635965909967902,1.9716549898739013,2.257610249994686
宁夏,2007,21.517423318293584,2.423406162663992,3.5274464456218992
宁夏,2008,26.55835428449544,2.302015626635645,4.297468330824505
宁夏,2009,88.35094330583144,6.876630082956993,14.136150928933029
宁夏,2010,59.54455850473866,3.7324991227191537,9.40672330248636
宁夏,2011,155.22130976195453,7.922283966822565,23.953905827462115
宁夏,2012,161.53253913828547,7.47144029316769,24.511766181833913
宁夏,2013,178.3468256134714,7.541410867836754,26.778802644665372
宁夏,2014,145.44870726916758,5.780031285533603,21.452611691617637
宁夏,2015,134.051893229499,5.0686994074752905,19.598230004312718
宁夏,2016,49.580691685710555,1.7376613635338223,7.133912472764108
宁夏,2017,50.10668901473562,1.53156525903948,7.107331775139805
宁夏,2018,198.5565511920307,5.5453429925719355,27.965711435497283
宁夏,2019,196.77625585920393,5.122380733026263,27.444387149121887
安徽,2003,46.95570923986832,,
安徽,2004,49.56444800972599,,
安徽,2005,71.13248593747831,1.2345746209882207,1.1622955218542206
安徽,2006,158.87669850990852,2.406274778267781,2.600273298034509
安徽,2007,213.756901735834,2.646161199997945,3.4939016302032364
安徽,2008,293.29628612420646,3.0264186697643884,4.780705560296764
安徽,2009,329.89168662260124,2.9818561064293774,5.380715815080757
安徽,2010,355.97982319503797,2.64185818647706,5.975823790415276
安徽,2011,382.3218910042251,2.312519376775875,6.401907083125002
安徽,2012,416.7548243854165,2.2389682029119222,6.971475817755378
安徽,2013,446.6122145478797,2.138107709366435,7.458453816764858
安徽,2014,464.32200237139705,2.029317295237458,7.742571325185877
安徽,2015,460.09681932437775,1.9057388747918738,7.654247534925599
安徽,2016,476.09268179607466,1.7763856909245657,7.891474917886204
安徽,2017,479.09158786873013,1.5894591161401448,7.9097174817356795
安徽,2018,406.67210930439796,1.1829669849127125,6.6930893565569125
安徽,2019,417.3995458071375,1.1105541224301778,6.851601211541981
山东,2003,329.2292539460377,,
山东,2004,240.58749946274145,,
山东,2005,457.298298419325,2.8366797041066256,4.944834541731455
山东,2006,711.4644482206792,3.7086345299243075,7.64275913869029
山东,2007,791.4984825072976,3.4421208658909634,8.4498610281552
山东,2008,828.3702368802443,3.0166212805450954,8.796540691093176
山东,2009,840.6153012706957,2.8060543083822775,8.876613529785592
山东,2010,877.2558984838504,2.5479848573714623,9.149519174841995
山东,2011,918.9630115352451,2.319325151519976,9.508153249200673
山东,2012,921.3024178803242,2.1138401164647,9.490136154515083
山东,2013,929.2067528400281,1.9335070525884879,9.534237152062675
山东,2014,1006.0640014721871,1.951525335185523,10.257585659382006
山东,2015,974.5724322028968,1.7353775829792446,9.878090737917057
山东,2016,1135.5175529457233,1.9019566198887876,11.385917506725391
山东,2017,945.256021861068,1.4779185627281837,9.421469369690701
山东,2018,658.2203621235418,0.96990522589685,6.531907930173086
山东,2019,756.1473675790406,1.049850352699076,7.482162750633689
山西,2003,110.06295726294644,,
山西,2004,78.9056085455394,,
山西,2005,256.27411276280037,6.223266458542991,7.638572660590175
山西,2006,296.52396108464444,6.231196778209268,8.785895143248725
山西,2007,404.4237872441112,6.749508290260373,11.919357124789602
山西,2008,405.30515961894264,5.555321686709376,11.882297262355399
山西,2009,397.5531030549768,5.497747304112413,11.600615788006326
山西,2010,407.91818109245423,4.530159154783211,11.413491356811813
山西,2011,453.0349978830458,4.1165913792972875,12.718556931023183
山西,2012,451.4252755755702,3.8192617035590595,12.723373043279883
山西,2013,452.75287850889424,3.7196871334469366,12.807719335470841
山西,2014,482.4425413796152,3.9200661524304476,13.674675209172765
山西,2015,484.96512661414783,4.029254713853722,13.781333521288659
山西,2016,472.2079997999861,3.8832575373556644,13.437905515082132
山西,2017,546.844183692235,3.725325011017263,15.579606372998148
山西,2018,404.2631231630455,2.502696839387149,11.543778502656924
山西,2019,333.77626408676446,1.928116596885012,9.544645813175993
广东,2003,253.8683847755243,,
广东,2004,211.2173951990207,,
广东,2005,304.01667261440326,1.3592744046320246,3.306685584233231
广东,2006,316.598111329759,1.199094467429048,3.353083153248877
广东,2007,359.4098877816056,1.1124313656827325,3.720599252397574
广东,2008,409.909437216832,1.0974376858140422,4.14342906314396
广东,2009,423.91849885907624,1.0541119484655899,4.1847828120343165
广东,2010,480.04052776801933,1.0252609982380225,4.597648958605683
广东,2011,520.7687678523308,0.9642151910999728,4.841658310267114
广东,2012,507.90520120076513,0.8748298262428436,4.600173908167423
广东,2013,518.6074119503478,0.8134086793988261,4.601662927687203
广东,2014,603.7245742834046,0.867502628530011,5.254805242261334
广东,2015,605.7341770802095,0.7989023817741431,5.186968462752265
广东,2016,636.4867102256748,0.7623197884212103,5.345034516507178
广东,2017,179.55781439549534,0.19306295416526387,1.4789376031257337
广东,2018,626.4664669591352,0.6149309767659822,5.073424578548228
广东,2019,630.7705650135033,0.5709979306365397,5.050609056077374
广西,2003,73.02586467310086,,
广西,2004,33.31836033963035,,
广西,2005,74.40785478741806,1.9635269768417487,1.5967350812750656
广西,2006,86.11436465286339,1.922281455709259,1.824843497623721
广西,2007,104.16878130823275,1.8747531010768261,2.1847479301223314
广西,2008,69.76448334386758,1.0631750460059979,1.4485980760769848
广西,2009,134.38076338284904,1.8552166576862943,2.7673139082135303
广西,2010,158.03691923791288,1.8140142244939494,3.42813273834952
广西,2011,211.5671444666667,2.020177647279753,4.544944027210885
广西,2012,225.1571308209325,1.958467119156381,4.796700699210322
广西,2013,231.95665859115377,1.8292246312568312,4.902909714461082
广西,2014,191.8445582073083,1.3844895119855976,4.021898494912123
广西,2015,107.24497555481018,0.7135299301061209,2.2291618282022485
广西,2016,30.11289697912732,0.1834228551709629,0.6199896433833091
广西,2017,41.71791310550226,0.23084664478439917,0.8501714511005148
广西,2018,180.45810216538334,0.9044748175112063,3.6478290310366552
广西,2019,95.79198615809953,0.4488531085354803,1.9227616651565542
新疆,2003,28.182232884256404,,
新疆,2004,43.00608004107198,,
新疆,2005,56.736909500338584,2.2311014353259373,2.8227318159372428
新疆,2006,48.423724426206924,1.6225071008948544,2.362132898839362
新疆,2007,61.775263128085165,1.7468403780139452,2.9486999106484566
新疆,2008,92.4435949373007,2.2095077544229236,4.338038242013172
新疆,2009,89.95199736837753,2.0970275642470573,4.166373199091132
新疆,2010,198.98052446862079,3.667573348852081,9.106660158746946
新疆,2011,206.78083664528458,3.1294393826091857,9.293520748102678
新疆,2012,265.3486175459401,3.5382174484424307,11.777568466308926
新疆,2013,297.213864619434,3.4890808675271647,13.007171318137154
新疆,2014,196.09378024031608,2.086059660861642,8.434141085604992
新疆,2015,130.41419297402695,1.36620879531126,5.468100334340752
新疆,2016,37.458841034630055,0.37784162675264077,1.5427858745729017
新疆,2017,34.089330642222784,0.29744285427040684,1.3745697839605961
新疆,2018,110.59230690237868,0.8435657005086054,4.3885836072372495
新疆,2019,20.746533044052402,0.14792642403191755,0.8107281377120907
江苏,2003,289.2190137628494,,
江苏,2004,325.1507942366051,,
江苏,2005,471.02003433413006,2.567440323637052,6.207433241092911
江苏,2006,497.8604267832575,2.3129296810851403,6.502879137712349
江苏,2007,576.3188369736978,2.185194537661231,7.4623700242612685
江苏,2008,595.6717512927887,1.8942868223406975,7.674204474269373
江苏,2009,644.4747175074336,1.837439963698613,8.251916997534362
江苏,2010,715.6978899712235,1.6969638317571074,9.095156817527304
江苏,2011,806.543020819442,1.6231659018896183,10.052885713815803
江苏,2012,825.3843311860527,1.5100777395350993,10.164831664852866
江苏,2013,893.7752510832196,1.4771874997243537,10.910342420449458
江苏,2014,899.9131746579912,1.3588045815127237,10.867204137881792
江苏,2015,953.9125600229518,1.3271642273122486,11.472189537257387
江苏,2016,901.260353232759,1.1516055890182608,10.753613569177412
江苏,2017,953.6946657892746,1.1023727857802417,11.322505826775194
江苏,2018,735.0606350780519,0.7865287145736048,8.703062219725929
江苏,2019,811.6022479278,0.8129281337138875,9.583212279227773
江西,2003,66.62506229823151,,
江西,2004,85.42795526348957,,
江西,2005,70.0125357161851,1.7539089061622601,1.6240439739314567
江西,2006,77.41844406414972,1.6290388869655275,1.7842462333291018
江西,2007,134.20028454282235,2.2950812262552347,3.072350836603076
江西,2008,162.66513510799754,2.3142990184244248,3.696934888818126
江西,2009,175.19751758338785,2.2655827955953427,3.9530125808526138
江西,2010,195.0914416702576,2.052859415264617,4.372286904308777
江西,2011,213.7966218871297,1.824608034949133,4.7786459965831405
江西,2012,223.22976794040468,1.7234093627663878,4.988374702578875
江西,2013,245.28633088309363,1.6947388373367254,5.480034202035157
江西,2014,240.13556325927692,1.5142292715578736,5.360168822751717
江西,2015,252.0928653397363,1.480191328450519,5.620799673126784
江西,2016,262.04638026909373,1.3967463716025292,5.82843372484639
江西,2017,255.11797029593367,1.244623615915686,5.6554637618251755
江西,2018,230.5349703699576,1.0015900072119077,5.108242197428708
江西,2019,143.05641741438896,0.5786135633974638,3.167768321842094
河北,2003,452.77786887494585,,
河北,2004,427.9376962790357,,
河北,2005,468.0129297900005,5.2667386485787,6.831308273098824
河北,2006,528.6677829375353,5.194169667595477,7.664073397180854
河北,2007,604.949098300977,4.911257861117239,8.713079336035962
河北,2008,649.7648151435902,4.511065240725297,9.296964016935044
河北,2009,667.3854004060743,4.294546439940506,9.487992613108817
河北,2010,642.4082179147581,3.5192544026534214,8.929777841461748
河北,2011,792.1028054557211,3.6482763001318235,10.952748969243931
河北,2012,813.4734131791375,3.470849514146841,11.201782059751274
河北,2013,827.4563256746011,3.355582019111002,11.353681746358413
河北,2014,788.4344941892989,3.074525891683853,10.766550514670202
河北,2015,765.193838307246,2.8611687748222825,10.417887519499605
河北,2016,791.369349036006,2.7402270419568278,10.730431851335675
河北,2017,731.2446367971892,2.353880146133779,9.869680615429736
河北,2018,648.6334742407248,1.9687178627514639,8.734627986004911
河北,2019,564.5047865229487,1.5846415611126046,7.580297925647224
河南,2003,232.4042417657227,,
河南,2004,354.65045708465135,,
河南,2005,381.465031756714,3.740036587643649,4.066791383333838
河南,2006,501.555086388561,4.188491359949903,5.340237291189959
河南,2007,568.2673760371152,3.8466099155031763,6.07123264996918
河南,2008,595.1886295997921,3.392954181700911,6.312319753948373
河南,2009,671.2481398014907,3.5186068102672348,7.075452090244446
河南,2010,532.0783502550952,2.3576463796629556,5.657398726795271
河南,2011,630.806969045314,2.406539584793775,6.667444974583173
河南,2012,605.6056979987843,2.0970815589410265,6.35339590850592
河南,2013,613.5363440356236,1.9402567376385094,6.409028977704206
河南,2014,562.8919614036109,1.6263289380420527,5.836101206880362
河南,2015,533.1833024674165,1.4489385417423042,5.496168461678348
河南,2016,456.49745117514044,1.1364789399819768,4.668617827522402
河南,2017,292.8438125855058,0.6567992836071587,2.979385619956311
河南,2018,487.5632766546338,0.969821628998645,4.942855602743651
河南,2019,447.81069709830683,0.8333020658964795,4.522883517809381
浙江,2003,203.62747336318827,,
浙江,2004,211.62208595539468,,
浙江,2005,273.7692005582113,2.072031247129341,5.48525747461854
浙江,2006,314.6252282237953,2.027694750224249,6.203178789901328
浙江,2007,354.6878601806768,1.8751968584258634,6.880462855105273
浙江,2008,362.2545049077355,1.6764910283171226,6.950393417262769
浙江,2009,369.2715781787505,1.5898033717737616,6.999082224767826
浙江,2010,394.22802619535184,1.4128922672597568,7.237525724166548
浙江,2011,444.3588968378048,1.3734662113918135,7.977718076082671
浙江,2012,442.0167812020267,1.2636813505496995,7.775141270044445
浙江,2013,432.7882509050911,1.1382185420652364,7.482507795731173
浙江,2014,432.00795317164136,1.060295731582343,7.334600223627188
浙江,2015,435.1644879494751,0.9840452443342117,7.270918762731413
浙江,2016,433.8236960837423,0.9019991269169911,7.144659026412093
浙江,2017,450.47363107316124,0.8477875891558915,7.301031297782192
浙江,2018,429.94840561155166,0.7248964464204393,6.853951946621261
浙江,2019,418.29039728594546,0.6471877665644656,6.561417996642282
海南,2003,3.3483750479725343,,
海南,2004,2.795231616149526,,
海南,2005,2.3256125104736483,0.25952600273112914,0.28087107614416046
海南,2006,2.820387998485339,0.27111294804242425,0.3373669854647535
海南,2007,2.882666619228031,0.23009791021935114,0.3411439786068676
海南,2008,3.778305966029111,0.25155166218569314,0.4424245861860786
海南,2009,4.341888635080058,0.2627943732647414,0.5025334068379697
海南,2010,4.859158062136065,0.23432309698298046,0.5591666354586957
海南,2011,4.517374427201905,0.17889883280669697,0.5075701603597647
海南,2012,4.424741740794703,0.1545167530658857,0.48623535613128605
海南,2013,4.975349975259759,0.15538742544301068,0.5407989103543216
海南,2014,5.3927496169603,0.15228593744946065,0.5761484633504594
海南,2015,5.129297568577528,0.13559884655345464,0.5427828114896855
海南,2016,4.094596370268807,0.09864120381278745,0.4278575099549432
海南,2017,5.140423041764302,0.11290436956147296,0.5288501071773973
海南,2018,5.3642581803494,0.1071951197064346,0.5462584705040122
海南,2019,5.9315390900235885,0.10899357031336411,0.5961345819119185
湖北,2003,111.70351485190835,,
湖北,2004,124.4069874829415,,
湖北,2005,146.57420380570778,2.2381841529090485,2.5669737969475968
湖北,2006,189.61325682351907,2.4829213773425574,3.330638623283314
湖北,2007,202.37856374016351,2.1077148424270815,3.5511241224804966
湖北,2008,229.20221622234448,1.9576881755952824,4.013346458104438
湖北,2009,261.7831487037241,1.9503162479975868,4.576628473841331
湖北,2010,301.05440924250337,1.8257782974359025,5.255838150183369
湖北,2011,283.9767250747345,1.4038585796865504,4.9301514769919175
湖北,2012,262.8999815232037,1.1469830353091213,4.547655795246561
湖北,2013,283.2855722890834,1.0958102263645462,4.88591880457198
湖北,2014,316.41154788196104,1.0984261831151294,5.440363615577047
湖北,2015,317.45858186363046,1.0353620876393614,5.426642425019324
湖北,2016,307.7571511357206,0.9113977633462865,5.229518286078515
湖北,2017,257.41441944076206,0.6841724726127388,4.3600003292812
湖北,2018,329.67023307811303,0.7770568009289531,5.571577371609144
湖北,2019,408.2525353413711,0.896135687910466,6.888013081514612
湖南,2003,23.483820299572557,,
湖南,2004,23.591020221108494,,
湖南,2005,115.60811070053063,1.791901525187635,1.8275072826514485
湖南,2006,155.11144149881812,2.0601317736123113,2.44578116522892
湖南,2007,175.64553722064252,1.8666036538182396,2.7638951568944536
湖南,2008,181.4855847347476,1.5827323246188723,2.844601641610464
湖南,2009,217.5934930916714,1.678198143527803,3.3967139102664907
湖南,2010,231.90655778923863,1.4663801717951972,3.529780179440466
湖南,2011,268.8806799506965,1.4021436763453854,4.085711593233498
湖南,2012,233.88195568885925,1.0871303201627764,3.5490433336700944
湖南,2013,249.22645734571145,1.0420778186663968,3.776158444631992
湖南,2014,186.00837173331098,0.7070115349187581,2.813619297130706
湖南,2015,226.71619951861533,0.7868893523069285,3.4273046034560135
湖南,2016,177.60103777315015,0.5687783435489197,2.6807703814815116
湖南,2017,161.3930432759541,0.47290922996848345,2.4331832244226463
湖南,2018,121.591033429107,0.3319501967799193,1.8325702099337906
湖南,2019,88.52034999774803,0.22168494416012752,1.3331378011709039
甘肃,2003,28.539666314846375,,
甘肃,2004,23.805829896885427,,
甘肃,2005,66.61164096699328,3.5227479489657454,2.6173532796461014
甘肃,2006,63.97877507621202,2.869003366646279,2.5119267795921485
甘肃,2007,74.6235081810785,2.7563811982816273,2.9287091122872253
甘肃,2008,73.501492387547,2.3614937313268114,2.881281551844257
甘肃,2009,95.99007067972111,2.8966766455344652,3.756949928756208
甘肃,2010,94.75484925900874,2.3761779787599053,3.7013612991800287
甘肃,2011,102.09682290455585,2.091847950182471,4.000659204723975
甘肃,2012,107.90825429533518,1.9730532317078713,4.23169624687589
甘肃,2013,121.12766220097467,1.9830011983853881,4.774444706384496
甘肃,2014,130.52075954454662,1.9688170806490275,5.156885007686552
甘肃,2015,123.66842128940333,1.8204201326199447,4.9016417474991405
甘肃,2016,72.46580422275215,1.0054779900757884,2.875627151696514
甘肃,2018,51.93099811147241,0.6208351538186953,2.064850819541647
甘肃,2019,42.10931586642622,0.46512670370391157,1.6783306443374342
福建,2003,5.132207791329705,,
福建,2005,49.301519938098565,0.7576806150101979,1.386042168628017
福建,2006,83.93064679760288,1.106359531749794,2.341161695888504
福建,2007,149.71205136611994,1.5801911631056642,4.144851920435214
福建,2008,191.48423506629007,1.7244307114991628,5.262001513225888
福建,2009,160.98120883068242,1.2750885840958284,4.3911950035647145
福建,2010,202.17806241268443,1.3269237389751283,5.4746293640044525
福建,2011,231.8131295723652,1.2740345232389048,6.1261397878532025
福建,2012,232.69658132722068,1.1345075829671232,6.058229141557425
福建,2013,247.176532844879,1.0816549002694722,6.362330317757503
福建,2014,254.93365324604068,1.0064733205130822,6.4621965334864555
福建,2015,240.7311445921911,0.8815568784846327,6.042448408438531
福建,2016,143.64529800288486,0.47565928237464855,3.576825149474225
福建,2017,27.46947019153958,0.07977843469641667,0.6757557242691163
福建,2018,277.25937558179925,0.7072077285990471,6.755832738347935
福建,2019,294.9434606317137,0.694326058300938,7.129404414593032
贵州,2003,43.3753555802942,,
贵州,2004,48.37920067660449,,
贵州,2005,50.562038155377664,2.5741797248435834,1.3555506207876051
贵州,2006,72.83983611785638,3.1775874064414067,1.9739792985868938
贵州,2007,83.99600939156241,2.913493215107957,2.3126654568161458
贵州,2008,133.22955531725333,3.7515714053234963,3.7049375783440857
贵州,2009,160.55687699139898,4.105578975411026,4.539351908153774
贵州,2010,122.14359359846529,2.6647379540211027,3.510882253477013
贵州,2011,108.31875320336081,1.9035015060778633,3.068519920775094
贵州,2012,161.65278111161535,2.3674635859406767,4.50662896882117
贵州,2013,204.0823931746539,2.5258034526993396,5.6190086226501625
贵州,2014,210.84285293172493,2.2677370576146805,5.73409988935885
贵州,2015,206.5347933792277,1.8970597622803842,5.569978246473239
贵州,2016,174.51870384773773,1.438273793650333,4.6439250624730635
贵州,2017,137.64303314975737,0.9784609210705493,3.6193277188997466
贵州,2018,86.63187417883032,0.5453141274963196,2.2666633746423424
贵州,2019,126.24384025786456,0.7317719905045535,3.280765079466335
辽宁,2003,148.72106865894247,,
辽宁,2004,56.43097936601247,,
辽宁,2005,163.66678924895487,2.229124639058523,3.8774411099017976
辽宁,2006,244.0081298099319,2.8743021192552027,5.713138136500396
辽宁,2007,284.3570232388539,2.7282210465407943,6.616031252648998
辽宁,2008,244.4092932463262,1.9865828923541105,5.664178290760747
辽宁,2009,387.677392132278,2.9813999025799647,8.930601062710851
辽宁,2010,438.33420967204984,3.107475007954528,10.019067649646853
辽宁,2011,457.0594830411708,2.7558107664086315,10.437531012586682
辽宁,2012,466.55515887656964,2.5737282314071894,10.664117917178734
辽宁,2013,443.2121175523493,2.268891731735201,10.153771307041222
辽宁,2014,457.93174309193756,2.2468009866395384,10.507841741439595
辽宁,2015,291.12650429659953,1.4092812608147989,6.711076632010132
辽宁,2016,227.9374659778623,1.0941698635650072,5.267794452920321
辽宁,2017,257.37379619260855,1.1643028228062309,5.968780060125431
辽宁,2018,225.90899085301973,0.9368569094201161,5.264716636052663
辽宁,2019,139.7221414011516,0.5443882404324476,3.266825845245536
重庆,2003,68.39064057178854,,
重庆,2004,68.26930702895334,,
重庆,2005,81.64413109812523,2.3383013832662742,2.9179460721274206
重庆,2006,90.03085388515903,2.279839298180781,3.2062269902122162
重庆,2007,99.16610001702766,2.049945219990236,3.5215234381046754
重庆,2008,126.25322993225434,2.1116817744740475,4.447102146257638
重庆,2009,133.08108662495053,1.9732964609799755,4.654812403810792
重庆,2010,145.41572124342957,1.776286828845411,5.040406282267923
重庆,2011,166.60566809364002,1.6153194955802253,5.659159921658968
重庆,2012,171.64583670973292,1.4548969868088366,5.769607956629678
重庆,2013,149.12160183165815,1.1232588757864548,4.95256067192488
重庆,2014,162.89677947445722,1.0924091785273122,5.353163965641052
重庆,2015,164.19668511257015,1.006977137800245,5.348426225165151
重庆,2016,156.58197488272043,0.8569925996941642,5.0347901891549975
重庆,2017,160.54976318855367,0.7924157150189216,5.1065446306791875
重庆,2018,160.6043216975965,0.7344665049188565,5.07759474225724
重庆,2019,156.25468104172418,0.6595918928210024,4.901338803065376
陕西,2003,50.46785866748243,,
陕西,2004,20.414540070428934,,
陕西,2005,119.52188645995464,3.098509007620538,3.239075513819909
陕西,2006,104.25118268248319,2.2457763228384393,2.8183612512160905
陕西,2007,163.24347457611188,2.8441116186579767,4.402466951890828
陕西,2008,143.627263386592,1.9792093400202844,3.8630248355726735
陕西,2009,200.67457258979348,2.479024726553676,5.384345924062073
陕西,2010,270.3119132585113,2.710437313331107,7.237266753909272
陕西,2011,292.64211408916907,2.375322554923816,7.772698913390945
陕西,2012,392.15182778102286,2.740116883492456,10.355210662292656
陕西,2013,426.0974192568187,2.6455326130571186,11.201299139243394
陕西,2014,444.6693540118673,2.521430254779352,11.61926715473915
陕西,2015,530.7803889486502,2.91825178245713,13.800842146350758
陕西,2016,535.7904282376223,2.768284688072202,13.830418901332532
陕西,2017,571.2862502979327,2.62345530328173,14.633356821156063
陕西,2018,589.5222484406555,2.4205587746179624,14.996750151123264
陕西,2019,616.4597479976453,2.35159834441872,15.630318154098513
青海,2008,18.789771655021212,2.0666268868259143,3.391655533397331
青海,2009,17.766781579777703,1.8637135822697686,3.189727393137828
青海,2010,16.746901151979515,1.4427034073035419,2.974582797864923
青海,2011,21.586029812430414,1.5548534043384294,3.800357361343383
青海,2012,25.962575284282742,1.67727729725969,4.546860820364754
青海,2013,27.75087263175534,1.5984604937362674,4.860047746366959
青海,2014,26.504003192636326,1.4134714517965081,4.6013894431660285
青海,2015,24.029612531249946,1.169722656440147,4.164577561741758
黑龙,2003,92.32467184677223,,
黑龙,2004,56.47537304509942,,
黑龙,2005,127.12935405384587,,
黑龙,2006,152.23850412747777,,
黑龙,2007,145.92864233110186,,
黑龙,2008,163.79838610901118,,
黑龙,2009,186.7909380915536,,
黑龙,2010,202.58049109147274,,
黑龙,2011,228.95009023076858,,
黑龙,2012,250.71645327577951,,
黑龙,2013,251.13934414498615,,
黑龙,2014,240.29758987967728,,
黑龙,2015,235.13568197591218,,
黑龙,2016,279.71009978547966,,
黑龙,2017,158.20385084572612,,
黑龙,2018,140.38191965642437,,
黑龙,2019,147.39298043532625,,
