province,year,scenario_name,clean_ratio,green_rate,predicted_emission_per_gdp
上海,2023,baseline,0.8627072508054741,0.381,0.004412403650726973
上海,2023,clean_plus5pp,0.9127072508054741,0.381,0.0022899464976904715
上海,2023,green_plus2pp,0.8827072508054741,0.401,0.0027142919017894823
上海,2024,baseline,0.8627072508054741,0.381,0.004412403650726973
上海,2024,clean_plus5pp,0.9127072508054741,0.381,0.0022899464976904715
上海,2024,green_plus2pp,0.8827072508054741,0.401,0.0027142919017894823
上海,2025,baseline,0.8627072508054741,0.381,0.004412403650726973
上海,2025,clean_plus5pp,0.9127072508054741,0.381,0.0022899464976904715
上海,2025,green_plus2pp,0.8827072508054741,0.401,0.0027142919017894823
上海,2026,baseline,0.8627072508054741,0.381,0.004412403650726973
上海,2026,clean_plus5pp,0.9127072508054741,0.381,0.0022899464976904715
上海,2026,green_plus2pp,0.8827072508054741,0.401,0.0027142919017894823
上海,2027,baseline,0.8627072508054741,0.381,0.004412403650726973
上海,2027,clean_plus5pp,0.9127072508054741,0.381,0.0022899464976904715
上海,2027,green_plus2pp,0.8827072508054741,0.401,0.0027142919017894823
上海,2028,baseline,0.8627072508054741,0.381,0.004412403650726973
上海,2028,clean_plus5pp,0.9127072508054741,0.381,0.0022899464976904715
上海,2028,green_plus2pp,0.8827072508054741,0.401,0.0027142919017894823
上海,2029,baseline,0.8627072508054741,0.381,0.004412403650726973
上海,2029,clean_plus5pp,0.9127072508054741,0.381,0.0022899464976904715
上海,2029,green_plus2pp,0.8827072508054741,0.401,0.0027142919017894823
上海,2030,baseline,0.8627072508054741,0.381,0.004412403650726973
上海,2030,clean_plus5pp,0.9127072508054741,0.381,0.0022899464976904715
上海,2030,green_plus2pp,0.8827072508054741,0.401,0.0027142919017894823
云南,2023,baseline,0.5976832637295291,0.431,0.013539622573331595
云南,2023,clean_plus5pp,0.6476832637295291,0.431,0.011417165420295094
云南,2023,green_plus2pp,0.6176832637295291,0.451,0.011841510824394105
云南,2024,baseline,0.5976832637295291,0.431,0.013539622573331595
云南,2024,clean_plus5pp,0.6476832637295291,0.431,0.011417165420295094
云南,2024,green_plus2pp,0.6176832637295291,0.451,0.011841510824394105
云南,2025,baseline,0.5976832637295291,0.431,0.013539622573331595
云南,2025,clean_plus5pp,0.6476832637295291,0.431,0.011417165420295094
云南,2025,green_plus2pp,0.6176832637295291,0.451,0.011841510824394105
云南,2026,baseline,0.5976832637295291,0.431,0.013539622573331595
云南,2026,clean_plus5pp,0.6476832637295291,0.431,0.011417165420295094
云南,2026,green_plus2pp,0.6176832637295291,0.451,0.011841510824394105
云南,2027,baseline,0.5976832637295291,0.431,0.013539622573331595
云南,2027,clean_plus5pp,0.6476832637295291,0.431,0.011417165420295094
云南,2027,green_plus2pp,0.6176832637295291,0.451,0.011841510824394105
云南,2028,baseline,0.5976832637295291,0.431,0.013539622573331595
云南,2028,clean_plus5pp,0.6476832637295291,0.431,0.011417165420295094
云南,2028,green_plus2pp,0.6176832637295291,0.451,0.011841510824394105
云南,2029,baseline,0.5976832637295291,0.431,0.013539622573331595
云南,2029,clean_plus5pp,0.6476832637295291,0.431,0.011417165420295094
云南,2029,green_plus2pp,0.6176832637295291,0.451,0.011841510824394105
云南,2030,baseline,0.5976832637295291,0.431,0.013539622573331595
云南,2030,clean_plus5pp,0.6476832637295291,0.431,0.011417165420295094
云南,2030,green_plus2pp,0.6176832637295291,0.451,0.011841510824394105
北京,2023,baseline,0.9943625801136758,0.498,-0.006143656250963301
北京,2023,clean_plus5pp,1.0,0.498,-0.00638295989421128
北京,2023,green_plus2pp,1.0,0.518,-0.007232088781934166
北京,2024,baseline,0.9943625801136758,0.498,-0.006143656250963301
北京,2024,clean_plus5pp,1.0,0.498,-0.00638295989421128
北京,2024,green_plus2pp,1.0,0.518,-0.007232088781934166
北京,2025,baseline,0.9943625801136758,0.498,-0.006143656250963301
北京,2025,clean_plus5pp,1.0,0.498,-0.00638295989421128
北京,2025,green_plus2pp,1.0,0.518,-0.007232088781934166
北京,2026,baseline,0.9943625801136758,0.498,-0.006143656250963301
北京,2026,clean_plus5pp,1.0,0.498,-0.00638295989421128
北京,2026,green_plus2pp,1.0,0.518,-0.007232088781934166
北京,2027,baseline,0.9943625801136758,0.498,-0.006143656250963301
北京,2027,clean_plus5pp,1.0,0.498,-0.00638295989421128
北京,2027,green_plus2pp,1.0,0.518,-0.007232088781934166
北京,2028,baseline,0.9943625801136758,0.498,-0.006143656250963301
北京,2028,clean_plus5pp,1.0,0.498,-0.00638295989421128
北京,2028,green_plus2pp,1.0,0.518,-0.007232088781934166
北京,2029,baseline,0.9943625801136758,0.498,-0.006143656250963301
北京,2029,clean_plus5pp,1.0,0.498,-0.00638295989421128
北京,2029,green_plus2pp,1.0,0.518,-0.007232088781934166
北京,2030,baseline,0.9943625801136758,0.498,-0.006143656250963301
北京,2030,clean_plus5pp,1.0,0.498,-0.00638295989421128
北京,2030,green_plus2pp,1.0,0.518,-0.007232088781934166
吉林,2023,baseline,0.718799556995608,0.427,0.00856816549103906
吉林,2023,clean_plus5pp,0.7687995569956081,0.427,0.006445708338002556
吉林,2023,green_plus2pp,0.7387995569956081,0.447,0.006870053742101569
吉林,2024,baseline,0.718799556995608,0.427,0.00856816549103906
吉林,2024,clean_plus5pp,0.7687995569956081,0.427,0.006445708338002556
吉林,2024,green_plus2pp,0.7387995569956081,0.447,0.006870053742101569
吉林,2025,baseline,0.718799556995608,0.427,0.00856816549103906
吉林,2025,clean_plus5pp,0.7687995569956081,0.427,0.006445708338002556
吉林,2025,green_plus2pp,0.7387995569956081,0.447,0.006870053742101569
吉林,2026,baseline,0.718799556995608,0.427,0.00856816549103906
吉林,2026,clean_plus5pp,0.7687995569956081,0.427,0.006445708338002556
吉林,2026,green_plus2pp,0.7387995569956081,0.447,0.006870053742101569
吉林,2027,baseline,0.718799556995608,0.427,0.00856816549103906
吉林,2027,clean_plus5pp,0.7687995569956081,0.427,0.006445708338002556
吉林,2027,green_plus2pp,0.7387995569956081,0.447,0.006870053742101569
吉林,2028,baseline,0.718799556995608,0.427,0.00856816549103906
吉林,2028,clean_plus5pp,0.7687995569956081,0.427,0.006445708338002556
吉林,2028,green_plus2pp,0.7387995569956081,0.447,0.006870053742101569
吉林,2029,baseline,0.718799556995608,0.427,0.00856816549103906
吉林,2029,clean_plus5pp,0.7687995569956081,0.427,0.006445708338002556
吉林,2029,green_plus2pp,0.7387995569956081,0.447,0.006870053742101569
吉林,2030,baseline,0.718799556995608,0.427,0.00856816549103906
吉林,2030,clean_plus5pp,0.7687995569956081,0.427,0.006445708338002556
吉林,2030,green_plus2pp,0.7387995569956081,0.447,0.006870053742101569
四川,2023,baseline,0.7951419041365511,0.435,0.004987846720572101
四川,2023,clean_plus5pp,0.8451419041365511,0.435,0.0028653895675356013
四川,2023,green_plus2pp,0.8151419041365511,0.455,0.003289734971634612
四川,2024,baseline,0.7951419041365511,0.435,0.004987846720572101
四川,2024,clean_plus5pp,0.8451419041365511,0.435,0.0028653895675356013
四川,2024,green_plus2pp,0.8151419041365511,0.455,0.003289734971634612
四川,2025,baseline,0.7951419041365511,0.435,0.004987846720572101
四川,2025,clean_plus5pp,0.8451419041365511,0.435,0.0028653895675356013
四川,2025,green_plus2pp,0.8151419041365511,0.455,0.003289734971634612
四川,2026,baseline,0.7951419041365511,0.435,0.004987846720572101
四川,2026,clean_plus5pp,0.8451419041365511,0.435,0.0028653895675356013
四川,2026,green_plus2pp,0.8151419041365511,0.455,0.003289734971634612
四川,2027,baseline,0.7951419041365511,0.435,0.004987846720572101
四川,2027,clean_plus5pp,0.8451419041365511,0.435,0.0028653895675356013
四川,2027,green_plus2pp,0.8151419041365511,0.455,0.003289734971634612
四川,2028,baseline,0.7951419041365511,0.435,0.004987846720572101
四川,2028,clean_plus5pp,0.8451419041365511,0.435,0.0028653895675356013
四川,2028,green_plus2pp,0.8151419041365511,0.455,0.003289734971634612
四川,2029,baseline,0.7951419041365511,0.435,0.004987846720572101
四川,2029,clean_plus5pp,0.8451419041365511,0.435,0.0028653895675356013
四川,2029,green_plus2pp,0.8151419041365511,0.455,0.003289734971634612
四川,2030,baseline,0.7951419041365511,0.435,0.004987846720572101
四川,2030,clean_plus5pp,0.8451419041365511,0.435,0.0028653895675356013
四川,2030,green_plus2pp,0.8151419041365511,0.455,0.003289734971634612
天津,2023,baseline,0.820658060765862,0.384,0.006069986401147852
天津,2023,clean_plus5pp,0.870658060765862,0.384,0.003947529248111353
天津,2023,green_plus2pp,0.840658060765862,0.404,0.004371874652210363
天津,2024,baseline,0.820658060765862,0.384,0.006069986401147852
天津,2024,clean_plus5pp,0.870658060765862,0.384,0.003947529248111353
天津,2024,green_plus2pp,0.840658060765862,0.404,0.004371874652210363
天津,2025,baseline,0.820658060765862,0.384,0.006069986401147852
天津,2025,clean_plus5pp,0.870658060765862,0.384,0.003947529248111353
天津,2025,green_plus2pp,0.840658060765862,0.404,0.004371874652210363
天津,2026,baseline,0.820658060765862,0.384,0.006069986401147852
天津,2026,clean_plus5pp,0.870658060765862,0.384,0.003947529248111353
天津,2026,green_plus2pp,0.840658060765862,0.404,0.004371874652210363
天津,2027,baseline,0.820658060765862,0.384,0.006069986401147852
天津,2027,clean_plus5pp,0.870658060765862,0.384,0.003947529248111353
天津,2027,green_plus2pp,0.840658060765862,0.404,0.004371874652210363
天津,2028,baseline,0.820658060765862,0.384,0.006069986401147852
天津,2028,clean_plus5pp,0.870658060765862,0.384,0.003947529248111353
天津,2028,green_plus2pp,0.840658060765862,0.404,0.004371874652210363
天津,2029,baseline,0.820658060765862,0.384,0.006069986401147852
天津,2029,clean_plus5pp,0.870658060765862,0.384,0.003947529248111353
天津,2029,green_plus2pp,0.840658060765862,0.404,0.004371874652210363
天津,2030,baseline,0.820658060765862,0.384,0.006069986401147852
天津,2030,clean_plus5pp,0.870658060765862,0.384,0.003947529248111353
天津,2030,green_plus2pp,0.840658060765862,0.404,0.004371874652210363
宁夏,2023,baseline,0.486396376930878,0.39204196642685846,0.01991767513762243
宁夏,2023,clean_plus5pp,0.536396376930878,0.39204196642685846,0.01779521798458593
宁夏,2023,green_plus2pp,0.506396376930878,0.4120419664268585,0.01821956338868494
宁夏,2024,baseline,0.486396376930878,0.39204196642685846,0.01991767513762243
宁夏,2024,clean_plus5pp,0.536396376930878,0.39204196642685846,0.01779521798458593
宁夏,2024,green_plus2pp,0.506396376930878,0.4120419664268585,0.01821956338868494
宁夏,2025,baseline,0.486396376930878,0.39204196642685846,0.01991767513762243
宁夏,2025,clean_plus5pp,0.536396376930878,0.39204196642685846,0.01779521798458593
宁夏,2025,green_plus2pp,0.506396376930878,0.4120419664268585,0.01821956338868494
宁夏,2026,baseline,0.486396376930878,0.39204196642685846,0.01991767513762243
宁夏,2026,clean_plus5pp,0.536396376930878,0.39204196642685846,0.01779521798458593
宁夏,2026,green_plus2pp,0.506396376930878,0.4120419664268585,0.01821956338868494
宁夏,2027,baseline,0.486396376930878,0.39204196642685846,0.01991767513762243
宁夏,2027,clean_plus5pp,0.536396376930878,0.39204196642685846,0.01779521798458593
宁夏,2027,green_plus2pp,0.506396376930878,0.4120419664268585,0.01821956338868494
宁夏,2028,baseline,0.486396376930878,0.39204196642685846,0.01991767513762243
宁夏,2028,clean_plus5pp,0.536396376930878,0.39204196642685846,0.01779521798458593
宁夏,2028,green_plus2pp,0.506396376930878,0.4120419664268585,0.01821956338868494
宁夏,2029,baseline,0.486396376930878,0.39204196642685846,0.01991767513762243
宁夏,2029,clean_plus5pp,0.536396376930878,0.39204196642685846,0.01779521798458593
宁夏,2029,green_plus2pp,0.506396376930878,0.4120419664268585,0.01821956338868494
宁夏,2030,baseline,0.486396376930878,0.39204196642685846,0.01991767513762243
宁夏,2030,clean_plus5pp,0.536396376930878,0.39204196642685846,0.01779521798458593
宁夏,2030,green_plus2pp,0.506396376930878,0.4120419664268585,0.01821956338868494
安徽,2023,baseline,0.6522768208088949,0.4529999999999999,0.010288131082180291
安徽,2023,clean_plus5pp,0.702276820808895,0.4529999999999999,0.00816567392914379
安徽,2023,green_plus2pp,0.672276820808895,0.4729999999999999,0.008590019333242802
安徽,2024,baseline,0.6522768208088949,0.4529999999999999,0.010288131082180291
安徽,2024,clean_plus5pp,0.702276820808895,0.4529999999999999,0.00816567392914379
安徽,2024,green_plus2pp,0.672276820808895,0.4729999999999999,0.008590019333242802
安徽,2025,baseline,0.6522768208088949,0.4529999999999999,0.010288131082180291
安徽,2025,clean_plus5pp,0.702276820808895,0.4529999999999999,0.00816567392914379
安徽,2025,green_plus2pp,0.672276820808895,0.4729999999999999,0.008590019333242802
安徽,2026,baseline,0.6522768208088949,0.4529999999999999,0.010288131082180291
安徽,2026,clean_plus5pp,0.702276820808895,0.4529999999999999,0.00816567392914379
安徽,2026,green_plus2pp,0.672276820808895,0.4729999999999999,0.008590019333242802
安徽,2027,baseline,0.6522768208088949,0.4529999999999999,0.010288131082180291
安徽,2027,clean_plus5pp,0.702276820808895,0.4529999999999999,0.00816567392914379
安徽,2027,green_plus2pp,0.672276820808895,0.4729999999999999,0.008590019333242802
安徽,2028,baseline,0.6522768208088949,0.4529999999999999,0.010288131082180291
安徽,2028,clean_plus5pp,0.702276820808895,0.4529999999999999,0.00816567392914379
安徽,2028,green_plus2pp,0.672276820808895,0.4729999999999999,0.008590019333242802
安徽,2029,baseline,0.6522768208088949,0.4529999999999999,0.010288131082180291
安徽,2029,clean_plus5pp,0.702276820808895,0.4529999999999999,0.00816567392914379
安徽,2029,green_plus2pp,0.672276820808895,0.4729999999999999,0.008590019333242802
安徽,2030,baseline,0.6522768208088949,0.4529999999999999,0.010288131082180291
安徽,2030,clean_plus5pp,0.702276820808895,0.4529999999999999,0.00816567392914379
安徽,2030,green_plus2pp,0.672276820808895,0.4729999999999999,0.008590019333242802
山东,2023,baseline,0.75069597211674,0.4379999999999999,0.006747169114190113
山东,2023,clean_plus5pp,0.80069597211674,0.4379999999999999,0.004624711961153613
山东,2023,green_plus2pp,0.77069597211674,0.4579999999999999,0.005049057365252624
山东,2024,baseline,0.75069597211674,0.4379999999999999,0.006747169114190113
山东,2024,clean_plus5pp,0.80069597211674,0.4379999999999999,0.004624711961153613
山东,2024,green_plus2pp,0.77069597211674,0.4579999999999999,0.005049057365252624
山东,2025,baseline,0.75069597211674,0.4379999999999999,0.006747169114190113
山东,2025,clean_plus5pp,0.80069597211674,0.4379999999999999,0.004624711961153613
山东,2025,green_plus2pp,0.77069597211674,0.4579999999999999,0.005049057365252624
山东,2026,baseline,0.75069597211674,0.4379999999999999,0.006747169114190113
山东,2026,clean_plus5pp,0.80069597211674,0.4379999999999999,0.004624711961153613
山东,2026,green_plus2pp,0.77069597211674,0.4579999999999999,0.005049057365252624
山东,2027,baseline,0.75069597211674,0.4379999999999999,0.006747169114190113
山东,2027,clean_plus5pp,0.80069597211674,0.4379999999999999,0.004624711961153613
山东,2027,green_plus2pp,0.77069597211674,0.4579999999999999,0.005049057365252624
山东,2028,baseline,0.75069597211674,0.4379999999999999,0.006747169114190113
山东,2028,clean_plus5pp,0.80069597211674,0.4379999999999999,0.004624711961153613
山东,2028,green_plus2pp,0.77069597211674,0.4579999999999999,0.005049057365252624
山东,2029,baseline,0.75069597211674,0.4379999999999999,0.006747169114190113
山东,2029,clean_plus5pp,0.80069597211674,0.4379999999999999,0.004624711961153613
山东,2029,green_plus2pp,0.77069597211674,0.4579999999999999,0.005049057365252624
山东,2030,baseline,0.75069597211674,0.4379999999999999,0.006747169114190113
山东,2030,clean_plus5pp,0.80069597211674,0.4379999999999999,0.004624711961153613
山东,2030,green_plus2pp,0.77069597211674,0.4579999999999999,0.005049057365252624
山西,2023,baseline,0.541284334141635,0.44,0.015551600804404847
山西,2023,clean_plus5pp,0.5912843341416351,0.44,0.013429143651368346
山西,2023,green_plus2pp,0.561284334141635,0.46,0.013853489055467356
山西,2024,baseline,0.541284334141635,0.44,0.015551600804404847
山西,2024,clean_plus5pp,0.5912843341416351,0.44,0.013429143651368346
山西,2024,green_plus2pp,0.561284334141635,0.46,0.013853489055467356
山西,2025,baseline,0.541284334141635,0.44,0.015551600804404847
山西,2025,clean_plus5pp,0.5912843341416351,0.44,0.013429143651368346
山西,2025,green_plus2pp,0.561284334141635,0.46,0.013853489055467356
山西,2026,baseline,0.541284334141635,0.44,0.015551600804404847
山西,2026,clean_plus5pp,0.5912843341416351,0.44,0.013429143651368346
山西,2026,green_plus2pp,0.561284334141635,0.46,0.013853489055467356
山西,2027,baseline,0.541284334141635,0.44,0.015551600804404847
山西,2027,clean_plus5pp,0.5912843341416351,0.44,0.013429143651368346
山西,2027,green_plus2pp,0.561284334141635,0.46,0.013853489055467356
山西,2028,baseline,0.541284334141635,0.44,0.015551600804404847
山西,2028,clean_plus5pp,0.5912843341416351,0.44,0.013429143651368346
山西,2028,green_plus2pp,0.561284334141635,0.46,0.013853489055467356
山西,2029,baseline,0.541284334141635,0.44,0.015551600804404847
山西,2029,clean_plus5pp,0.5912843341416351,0.44,0.013429143651368346
山西,2029,green_plus2pp,0.561284334141635,0.46,0.013853489055467356
山西,2030,baseline,0.541284334141635,0.44,0.015551600804404847
山西,2030,clean_plus5pp,0.5912843341416351,0.44,0.013429143651368346
山西,2030,green_plus2pp,0.561284334141635,0.46,0.013853489055467356
广东,2023,baseline,0.860820733904631,0.446,0.0017328157914379572
广东,2023,clean_plus5pp,0.910820733904631,0.446,-0.0003896413615985441
广东,2023,green_plus2pp,0.880820733904631,0.466,3.470404250046667e-05
广东,2024,baseline,0.860820733904631,0.446,0.0017328157914379572
广东,2024,clean_plus5pp,0.910820733904631,0.446,-0.0003896413615985441
广东,2024,green_plus2pp,0.880820733904631,0.466,3.470404250046667e-05
广东,2025,baseline,0.860820733904631,0.446,0.0017328157914379572
广东,2025,clean_plus5pp,0.910820733904631,0.446,-0.0003896413615985441
广东,2025,green_plus2pp,0.880820733904631,0.466,3.470404250046667e-05
广东,2026,baseline,0.860820733904631,0.446,0.0017328157914379572
广东,2026,clean_plus5pp,0.910820733904631,0.446,-0.0003896413615985441
广东,2026,green_plus2pp,0.880820733904631,0.466,3.470404250046667e-05
广东,2027,baseline,0.860820733904631,0.446,0.0017328157914379572
广东,2027,clean_plus5pp,0.910820733904631,0.446,-0.0003896413615985441
广东,2027,green_plus2pp,0.880820733904631,0.466,3.470404250046667e-05
广东,2028,baseline,0.860820733904631,0.446,0.0017328157914379572
广东,2028,clean_plus5pp,0.910820733904631,0.446,-0.0003896413615985441
广东,2028,green_plus2pp,0.880820733904631,0.466,3.470404250046667e-05
广东,2029,baseline,0.860820733904631,0.446,0.0017328157914379572
广东,2029,clean_plus5pp,0.910820733904631,0.446,-0.0003896413615985441
广东,2029,green_plus2pp,0.880820733904631,0.466,3.470404250046667e-05
广东,2030,baseline,0.860820733904631,0.446,0.0017328157914379572
广东,2030,clean_plus5pp,0.910820733904631,0.446,-0.0003896413615985441
广东,2030,green_plus2pp,0.880820733904631,0.466,3.470404250046667e-05
广西,2023,baseline,0.586520353689046,0.39204196642685846,0.01566749812440575
广西,2023,clean_plus5pp,0.636520353689046,0.39204196642685846,0.01354504097136925
广西,2023,green_plus2pp,0.606520353689046,0.4120419664268585,0.013969386375468263
广西,2024,baseline,0.586520353689046,0.39204196642685846,0.01566749812440575
广西,2024,clean_plus5pp,0.636520353689046,0.39204196642685846,0.01354504097136925
广西,2024,green_plus2pp,0.606520353689046,0.4120419664268585,0.013969386375468263
广西,2025,baseline,0.586520353689046,0.39204196642685846,0.01566749812440575
广西,2025,clean_plus5pp,0.636520353689046,0.39204196642685846,0.01354504097136925
广西,2025,green_plus2pp,0.606520353689046,0.4120419664268585,0.013969386375468263
广西,2026,baseline,0.586520353689046,0.39204196642685846,0.01566749812440575
广西,2026,clean_plus5pp,0.636520353689046,0.39204196642685846,0.01354504097136925
广西,2026,green_plus2pp,0.606520353689046,0.4120419664268585,0.013969386375468263
广西,2027,baseline,0.586520353689046,0.39204196642685846,0.01566749812440575
广西,2027,clean_plus5pp,0.636520353689046,0.39204196642685846,0.01354504097136925
广西,2027,green_plus2pp,0.606520353689046,0.4120419664268585,0.013969386375468263
广西,2028,baseline,0.586520353689046,0.39204196642685846,0.01566749812440575
广西,2028,clean_plus5pp,0.636520353689046,0.39204196642685846,0.01354504097136925
广西,2028,green_plus2pp,0.606520353689046,0.4120419664268585,0.013969386375468263
广西,2029,baseline,0.586520353689046,0.39204196642685846,0.01566749812440575
广西,2029,clean_plus5pp,0.636520353689046,0.39204196642685846,0.01354504097136925
广西,2029,green_plus2pp,0.606520353689046,0.4120419664268585,0.013969386375468263
广西,2030,baseline,0.586520353689046,0.39204196642685846,0.01566749812440575
广西,2030,clean_plus5pp,0.636520353689046,0.39204196642685846,0.01354504097136925
广西,2030,green_plus2pp,0.606520353689046,0.4120419664268585,0.013969386375468263
新疆,2023,baseline,0.750735381393989,0.39204196642685846,0.00869671092063689
新疆,2023,clean_plus5pp,0.800735381393989,0.39204196642685846,0.006574253767600386
新疆,2023,green_plus2pp,0.770735381393989,0.4120419664268585,0.006998599171699399
新疆,2024,baseline,0.750735381393989,0.39204196642685846,0.00869671092063689
新疆,2024,clean_plus5pp,0.800735381393989,0.39204196642685846,0.006574253767600386
新疆,2024,green_plus2pp,0.770735381393989,0.4120419664268585,0.006998599171699399
新疆,2025,baseline,0.750735381393989,0.39204196642685846,0.00869671092063689
新疆,2025,clean_plus5pp,0.800735381393989,0.39204196642685846,0.006574253767600386
新疆,2025,green_plus2pp,0.770735381393989,0.4120419664268585,0.006998599171699399
新疆,2026,baseline,0.750735381393989,0.39204196642685846,0.00869671092063689
新疆,2026,clean_plus5pp,0.800735381393989,0.39204196642685846,0.006574253767600386
新疆,2026,green_plus2pp,0.770735381393989,0.4120419664268585,0.006998599171699399
新疆,2027,baseline,0.750735381393989,0.39204196642685846,0.00869671092063689
新疆,2027,clean_plus5pp,0.800735381393989,0.39204196642685846,0.006574253767600386
新疆,2027,green_plus2pp,0.770735381393989,0.4120419664268585,0.006998599171699399
新疆,2028,baseline,0.750735381393989,0.39204196642685846,0.00869671092063689
新疆,2028,clean_plus5pp,0.800735381393989,0.39204196642685846,0.006574253767600386
新疆,2028,green_plus2pp,0.770735381393989,0.4120419664268585,0.006998599171699399
新疆,2029,baseline,0.750735381393989,0.39204196642685846,0.00869671092063689
新疆,2029,clean_plus5pp,0.800735381393989,0.39204196642685846,0.006574253767600386
新疆,2029,green_plus2pp,0.770735381393989,0.4120419664268585,0.006998599171699399
新疆,2030,baseline,0.750735381393989,0.39204196642685846,0.00869671092063689
新疆,2030,clean_plus5pp,0.800735381393989,0.39204196642685846,0.006574253767600386
新疆,2030,green_plus2pp,0.770735381393989,0.4120419664268585,0.006998599171699399
江苏,2023,baseline,0.7261331350172779,0.441,0.007662471167044145
江苏,2023,clean_plus5pp,0.776133135017278,0.441,0.005540014014007643
江苏,2023,green_plus2pp,0.746133135017278,0.461,0.005964359418106654
江苏,2024,baseline,0.7261331350172779,0.441,0.007662471167044145
江苏,2024,clean_plus5pp,0.776133135017278,0.441,0.005540014014007643
江苏,2024,green_plus2pp,0.746133135017278,0.461,0.005964359418106654
江苏,2025,baseline,0.7261331350172779,0.441,0.007662471167044145
江苏,2025,clean_plus5pp,0.776133135017278,0.441,0.005540014014007643
江苏,2025,green_plus2pp,0.746133135017278,0.461,0.005964359418106654
江苏,2026,baseline,0.7261331350172779,0.441,0.007662471167044145
江苏,2026,clean_plus5pp,0.776133135017278,0.441,0.005540014014007643
江苏,2026,green_plus2pp,0.746133135017278,0.461,0.005964359418106654
江苏,2027,baseline,0.7261331350172779,0.441,0.007662471167044145
江苏,2027,clean_plus5pp,0.776133135017278,0.441,0.005540014014007643
江苏,2027,green_plus2pp,0.746133135017278,0.461,0.005964359418106654
江苏,2028,baseline,0.7261331350172779,0.441,0.007662471167044145
江苏,2028,clean_plus5pp,0.776133135017278,0.441,0.005540014014007643
江苏,2028,green_plus2pp,0.746133135017278,0.461,0.005964359418106654
江苏,2029,baseline,0.7261331350172779,0.441,0.007662471167044145
江苏,2029,clean_plus5pp,0.776133135017278,0.441,0.005540014014007643
江苏,2029,green_plus2pp,0.746133135017278,0.461,0.005964359418106654
江苏,2030,baseline,0.7261331350172779,0.441,0.007662471167044145
江苏,2030,clean_plus5pp,0.776133135017278,0.441,0.005540014014007643
江苏,2030,green_plus2pp,0.746133135017278,0.461,0.005964359418106654
江西,2023,baseline,0.635850648412141,0.466,0.01043347424717043
江西,2023,clean_plus5pp,0.685850648412141,0.466,0.008311017094133928
江西,2023,green_plus2pp,0.655850648412141,0.48600000000000004,0.008735362498232941
江西,2024,baseline,0.635850648412141,0.466,0.01043347424717043
江西,2024,clean_plus5pp,0.685850648412141,0.466,0.008311017094133928
江西,2024,green_plus2pp,0.655850648412141,0.48600000000000004,0.008735362498232941
江西,2025,baseline,0.635850648412141,0.466,0.01043347424717043
江西,2025,clean_plus5pp,0.685850648412141,0.466,0.008311017094133928
江西,2025,green_plus2pp,0.655850648412141,0.48600000000000004,0.008735362498232941
江西,2026,baseline,0.635850648412141,0.466,0.01043347424717043
江西,2026,clean_plus5pp,0.685850648412141,0.466,0.008311017094133928
江西,2026,green_plus2pp,0.655850648412141,0.48600000000000004,0.008735362498232941
江西,2027,baseline,0.635850648412141,0.466,0.01043347424717043
江西,2027,clean_plus5pp,0.685850648412141,0.466,0.008311017094133928
江西,2027,green_plus2pp,0.655850648412141,0.48600000000000004,0.008735362498232941
江西,2028,baseline,0.635850648412141,0.466,0.01043347424717043
江西,2028,clean_plus5pp,0.685850648412141,0.466,0.008311017094133928
江西,2028,green_plus2pp,0.655850648412141,0.48600000000000004,0.008735362498232941
江西,2029,baseline,0.635850648412141,0.466,0.01043347424717043
江西,2029,clean_plus5pp,0.685850648412141,0.466,0.008311017094133928
江西,2029,green_plus2pp,0.655850648412141,0.48600000000000004,0.008735362498232941
江西,2030,baseline,0.635850648412141,0.466,0.01043347424717043
江西,2030,clean_plus5pp,0.685850648412141,0.466,0.008311017094133928
江西,2030,green_plus2pp,0.655850648412141,0.48600000000000004,0.008735362498232941
河北,2023,baseline,0.499138018901254,0.4379999999999999,0.0174255886582987
河北,2023,clean_plus5pp,0.549138018901254,0.4379999999999999,0.015303131505262198
河北,2023,green_plus2pp,0.519138018901254,0.4579999999999999,0.01572747690936121
河北,2024,baseline,0.499138018901254,0.4379999999999999,0.0174255886582987
河北,2024,clean_plus5pp,0.549138018901254,0.4379999999999999,0.015303131505262198
河北,2024,green_plus2pp,0.519138018901254,0.4579999999999999,0.01572747690936121
河北,2025,baseline,0.499138018901254,0.4379999999999999,0.0174255886582987
河北,2025,clean_plus5pp,0.549138018901254,0.4379999999999999,0.015303131505262198
河北,2025,green_plus2pp,0.519138018901254,0.4579999999999999,0.01572747690936121
河北,2026,baseline,0.499138018901254,0.4379999999999999,0.0174255886582987
河北,2026,clean_plus5pp,0.549138018901254,0.4379999999999999,0.015303131505262198
河北,2026,green_plus2pp,0.519138018901254,0.4579999999999999,0.01572747690936121
河北,2027,baseline,0.499138018901254,0.4379999999999999,0.0174255886582987
河北,2027,clean_plus5pp,0.549138018901254,0.4379999999999999,0.015303131505262198
河北,2027,green_plus2pp,0.519138018901254,0.4579999999999999,0.01572747690936121
河北,2028,baseline,0.499138018901254,0.4379999999999999,0.0174255886582987
河北,2028,clean_plus5pp,0.549138018901254,0.4379999999999999,0.015303131505262198
河北,2028,green_plus2pp,0.519138018901254,0.4579999999999999,0.01572747690936121
河北,2029,baseline,0.499138018901254,0.4379999999999999,0.0174255886582987
河北,2029,clean_plus5pp,0.549138018901254,0.4379999999999999,0.015303131505262198
河北,2029,green_plus2pp,0.519138018901254,0.4579999999999999,0.01572747690936121
河北,2030,baseline,0.499138018901254,0.4379999999999999,0.0174255886582987
河北,2030,clean_plus5pp,0.549138018901254,0.4379999999999999,0.015303131505262198
河北,2030,green_plus2pp,0.519138018901254,0.4579999999999999,0.01572747690936121
河南,2023,baseline,0.711669809053054,0.4029999999999999,0.00988977184670695
河南,2023,clean_plus5pp,0.761669809053054,0.4029999999999999,0.007767314693670449
河南,2023,green_plus2pp,0.731669809053054,0.42299999999999993,0.00819166009776946
河南,2024,baseline,0.711669809053054,0.4029999999999999,0.00988977184670695
河南,2024,clean_plus5pp,0.761669809053054,0.4029999999999999,0.007767314693670449
河南,2024,green_plus2pp,0.731669809053054,0.42299999999999993,0.00819166009776946
河南,2025,baseline,0.711669809053054,0.4029999999999999,0.00988977184670695
河南,2025,clean_plus5pp,0.761669809053054,0.4029999999999999,0.007767314693670449
河南,2025,green_plus2pp,0.731669809053054,0.42299999999999993,0.00819166009776946
河南,2026,baseline,0.711669809053054,0.4029999999999999,0.00988977184670695
河南,2026,clean_plus5pp,0.761669809053054,0.4029999999999999,0.007767314693670449
河南,2026,green_plus2pp,0.731669809053054,0.42299999999999993,0.00819166009776946
河南,2027,baseline,0.711669809053054,0.4029999999999999,0.00988977184670695
河南,2027,clean_plus5pp,0.761669809053054,0.4029999999999999,0.007767314693670449
河南,2027,green_plus2pp,0.731669809053054,0.42299999999999993,0.00819166009776946
河南,2028,baseline,0.711669809053054,0.4029999999999999,0.00988977184670695
河南,2028,clean_plus5pp,0.761669809053054,0.4029999999999999,0.007767314693670449
河南,2028,green_plus2pp,0.731669809053054,0.42299999999999993,0.00819166009776946
河南,2029,baseline,0.711669809053054,0.4029999999999999,0.00988977184670695
河南,2029,clean_plus5pp,0.761669809053054,0.4029999999999999,0.007767314693670449
河南,2029,green_plus2pp,0.731669809053054,0.42299999999999993,0.00819166009776946
河南,2030,baseline,0.711669809053054,0.4029999999999999,0.00988977184670695
河南,2030,clean_plus5pp,0.761669809053054,0.4029999999999999,0.007767314693670449
河南,2030,green_plus2pp,0.731669809053054,0.42299999999999993,0.00819166009776946
浙江,2023,baseline,0.9519547466230154,0.421,-0.0010743338424895141
浙江,2023,clean_plus5pp,1.0,0.421,-0.0031138136764781565
浙江,2023,green_plus2pp,0.9719547466230154,0.441,-0.0027724455914270047
浙江,2024,baseline,0.9519547466230154,0.421,-0.0010743338424895141
浙江,2024,clean_plus5pp,1.0,0.421,-0.0031138136764781565
浙江,2024,green_plus2pp,0.9719547466230154,0.441,-0.0027724455914270047
浙江,2025,baseline,0.9519547466230154,0.421,-0.0010743338424895141
浙江,2025,clean_plus5pp,1.0,0.421,-0.0031138136764781565
浙江,2025,green_plus2pp,0.9719547466230154,0.441,-0.0027724455914270047
浙江,2026,baseline,0.9519547466230154,0.421,-0.0010743338424895141
浙江,2026,clean_plus5pp,1.0,0.421,-0.0031138136764781565
浙江,2026,green_plus2pp,0.9719547466230154,0.441,-0.0027724455914270047
浙江,2027,baseline,0.9519547466230154,0.421,-0.0010743338424895141
浙江,2027,clean_plus5pp,1.0,0.421,-0.0031138136764781565
浙江,2027,green_plus2pp,0.9719547466230154,0.441,-0.0027724455914270047
浙江,2028,baseline,0.9519547466230154,0.421,-0.0010743338424895141
浙江,2028,clean_plus5pp,1.0,0.421,-0.0031138136764781565
浙江,2028,green_plus2pp,0.9719547466230154,0.441,-0.0027724455914270047
浙江,2029,baseline,0.9519547466230154,0.421,-0.0010743338424895141
浙江,2029,clean_plus5pp,1.0,0.421,-0.0031138136764781565
浙江,2029,green_plus2pp,0.9719547466230154,0.441,-0.0027724455914270047
浙江,2030,baseline,0.9519547466230154,0.421,-0.0010743338424895141
浙江,2030,clean_plus5pp,1.0,0.421,-0.0031138136764781565
浙江,2030,green_plus2pp,0.9719547466230154,0.441,-0.0027724455914270047
海南,2023,baseline,0.9207304756746644,0.424,0.0001237403688055961
海南,2023,clean_plus5pp,0.9707304756746644,0.424,-0.0019987167842309052
海南,2023,green_plus2pp,0.9407304756746644,0.444,-0.001574371380131891
海南,2024,baseline,0.9207304756746644,0.424,0.0001237403688055961
海南,2024,clean_plus5pp,0.9707304756746644,0.424,-0.0019987167842309052
海南,2024,green_plus2pp,0.9407304756746644,0.444,-0.001574371380131891
海南,2025,baseline,0.9207304756746644,0.424,0.0001237403688055961
海南,2025,clean_plus5pp,0.9707304756746644,0.424,-0.0019987167842309052
海南,2025,green_plus2pp,0.9407304756746644,0.444,-0.001574371380131891
海南,2026,baseline,0.9207304756746644,0.424,0.0001237403688055961
海南,2026,clean_plus5pp,0.9707304756746644,0.424,-0.0019987167842309052
海南,2026,green_plus2pp,0.9407304756746644,0.444,-0.001574371380131891
海南,2027,baseline,0.9207304756746644,0.424,0.0001237403688055961
海南,2027,clean_plus5pp,0.9707304756746644,0.424,-0.0019987167842309052
海南,2027,green_plus2pp,0.9407304756746644,0.444,-0.001574371380131891
海南,2028,baseline,0.9207304756746644,0.424,0.0001237403688055961
海南,2028,clean_plus5pp,0.9707304756746644,0.424,-0.0019987167842309052
海南,2028,green_plus2pp,0.9407304756746644,0.444,-0.001574371380131891
海南,2029,baseline,0.9207304756746644,0.424,0.0001237403688055961
海南,2029,clean_plus5pp,0.9707304756746644,0.424,-0.0019987167842309052
海南,2029,green_plus2pp,0.9407304756746644,0.444,-0.001574371380131891
海南,2030,baseline,0.9207304756746644,0.424,0.0001237403688055961
海南,2030,clean_plus5pp,0.9707304756746644,0.424,-0.0019987167842309052
海南,2030,green_plus2pp,0.9407304756746644,0.444,-0.001574371380131891
湖北,2023,baseline,0.621807888217238,0.429,0.01260046582593874
湖北,2023,clean_plus5pp,0.671807888217238,0.429,0.010478008672902238
湖北,2023,green_plus2pp,0.641807888217238,0.449,0.010902354077001249
湖北,2024,baseline,0.621807888217238,0.429,0.01260046582593874
湖北,2024,clean_plus5pp,0.671807888217238,0.429,0.010478008672902238
湖北,2024,green_plus2pp,0.641807888217238,0.449,0.010902354077001249
湖北,2025,baseline,0.621807888217238,0.429,0.01260046582593874
湖北,2025,clean_plus5pp,0.671807888217238,0.429,0.010478008672902238
湖北,2025,green_plus2pp,0.641807888217238,0.449,0.010902354077001249
湖北,2026,baseline,0.621807888217238,0.429,0.01260046582593874
湖北,2026,clean_plus5pp,0.671807888217238,0.429,0.010478008672902238
湖北,2026,green_plus2pp,0.641807888217238,0.449,0.010902354077001249
湖北,2027,baseline,0.621807888217238,0.429,0.01260046582593874
湖北,2027,clean_plus5pp,0.671807888217238,0.429,0.010478008672902238
湖北,2027,green_plus2pp,0.641807888217238,0.449,0.010902354077001249
湖北,2028,baseline,0.621807888217238,0.429,0.01260046582593874
湖北,2028,clean_plus5pp,0.671807888217238,0.429,0.010478008672902238
湖北,2028,green_plus2pp,0.641807888217238,0.449,0.010902354077001249
湖北,2029,baseline,0.621807888217238,0.429,0.01260046582593874
湖北,2029,clean_plus5pp,0.671807888217238,0.429,0.010478008672902238
湖北,2029,green_plus2pp,0.641807888217238,0.449,0.010902354077001249
湖北,2030,baseline,0.621807888217238,0.429,0.01260046582593874
湖北,2030,clean_plus5pp,0.671807888217238,0.429,0.010478008672902238
湖北,2030,green_plus2pp,0.641807888217238,0.449,0.010902354077001249
湖南,2023,baseline,0.661215773601525,0.423,0.011182373527857156
湖南,2023,clean_plus5pp,0.711215773601525,0.423,0.009059916374820655
湖南,2023,green_plus2pp,0.681215773601525,0.443,0.009484261778919669
湖南,2024,baseline,0.661215773601525,0.423,0.011182373527857156
湖南,2024,clean_plus5pp,0.711215773601525,0.423,0.009059916374820655
湖南,2024,green_plus2pp,0.681215773601525,0.443,0.009484261778919669
湖南,2025,baseline,0.661215773601525,0.423,0.011182373527857156
湖南,2025,clean_plus5pp,0.711215773601525,0.423,0.009059916374820655
湖南,2025,green_plus2pp,0.681215773601525,0.443,0.009484261778919669
湖南,2026,baseline,0.661215773601525,0.423,0.011182373527857156
湖南,2026,clean_plus5pp,0.711215773601525,0.423,0.009059916374820655
湖南,2026,green_plus2pp,0.681215773601525,0.443,0.009484261778919669
湖南,2027,baseline,0.661215773601525,0.423,0.011182373527857156
湖南,2027,clean_plus5pp,0.711215773601525,0.423,0.009059916374820655
湖南,2027,green_plus2pp,0.681215773601525,0.443,0.009484261778919669
湖南,2028,baseline,0.661215773601525,0.423,0.011182373527857156
湖南,2028,clean_plus5pp,0.711215773601525,0.423,0.009059916374820655
湖南,2028,green_plus2pp,0.681215773601525,0.443,0.009484261778919669
湖南,2029,baseline,0.661215773601525,0.423,0.011182373527857156
湖南,2029,clean_plus5pp,0.711215773601525,0.423,0.009059916374820655
湖南,2029,green_plus2pp,0.681215773601525,0.443,0.009484261778919669
湖南,2030,baseline,0.661215773601525,0.423,0.011182373527857156
湖南,2030,clean_plus5pp,0.711215773601525,0.423,0.009059916374820655
湖南,2030,green_plus2pp,0.681215773601525,0.443,0.009484261778919669
甘肃,2023,baseline,0.707105497055481,0.362,0.011824237199497652
甘肃,2023,clean_plus5pp,0.757105497055481,0.362,0.009701780046461151
甘肃,2023,green_plus2pp,0.727105497055481,0.382,0.010126125450560164
甘肃,2024,baseline,0.707105497055481,0.362,0.011824237199497652
甘肃,2024,clean_plus5pp,0.757105497055481,0.362,0.009701780046461151
甘肃,2024,green_plus2pp,0.727105497055481,0.382,0.010126125450560164
甘肃,2025,baseline,0.707105497055481,0.362,0.011824237199497652
甘肃,2025,clean_plus5pp,0.757105497055481,0.362,0.009701780046461151
甘肃,2025,green_plus2pp,0.727105497055481,0.382,0.010126125450560164
甘肃,2026,baseline,0.707105497055481,0.362,0.011824237199497652
甘肃,2026,clean_plus5pp,0.757105497055481,0.362,0.009701780046461151
甘肃,2026,green_plus2pp,0.727105497055481,0.382,0.010126125450560164
甘肃,2027,baseline,0.707105497055481,0.362,0.011824237199497652
甘肃,2027,clean_plus5pp,0.757105497055481,0.362,0.009701780046461151
甘肃,2027,green_plus2pp,0.727105497055481,0.382,0.010126125450560164
甘肃,2028,baseline,0.707105497055481,0.362,0.011824237199497652
甘肃,2028,clean_plus5pp,0.757105497055481,0.362,0.009701780046461151
甘肃,2028,green_plus2pp,0.727105497055481,0.382,0.010126125450560164
甘肃,2029,baseline,0.707105497055481,0.362,0.011824237199497652
甘肃,2029,clean_plus5pp,0.757105497055481,0.362,0.009701780046461151
甘肃,2029,green_plus2pp,0.727105497055481,0.382,0.010126125450560164
甘肃,2030,baseline,0.707105497055481,0.362,0.011824237199497652
甘肃,2030,clean_plus5pp,0.757105497055481,0.362,0.009701780046461151
甘肃,2030,green_plus2pp,0.727105497055481,0.382,0.010126125450560164
福建,2023,baseline,0.77141339660733,0.441,0.005740362864980749
福建,2023,clean_plus5pp,0.82141339660733,0.441,0.0036179057119442477
福建,2023,green_plus2pp,0.79141339660733,0.461,0.0040422511160432585
福建,2024,baseline,0.77141339660733,0.441,0.005740362864980749
福建,2024,clean_plus5pp,0.82141339660733,0.441,0.0036179057119442477
福建,2024,green_plus2pp,0.79141339660733,0.461,0.0040422511160432585
福建,2025,baseline,0.77141339660733,0.441,0.005740362864980749
福建,2025,clean_plus5pp,0.82141339660733,0.441,0.0036179057119442477
福建,2025,green_plus2pp,0.79141339660733,0.461,0.0040422511160432585
福建,2026,baseline,0.77141339660733,0.441,0.005740362864980749
福建,2026,clean_plus5pp,0.82141339660733,0.441,0.0036179057119442477
福建,2026,green_plus2pp,0.79141339660733,0.461,0.0040422511160432585
福建,2027,baseline,0.77141339660733,0.441,0.005740362864980749
福建,2027,clean_plus5pp,0.82141339660733,0.441,0.0036179057119442477
福建,2027,green_plus2pp,0.79141339660733,0.461,0.0040422511160432585
福建,2028,baseline,0.77141339660733,0.441,0.005740362864980749
福建,2028,clean_plus5pp,0.82141339660733,0.441,0.0036179057119442477
福建,2028,green_plus2pp,0.79141339660733,0.461,0.0040422511160432585
福建,2029,baseline,0.77141339660733,0.441,0.005740362864980749
福建,2029,clean_plus5pp,0.82141339660733,0.441,0.0036179057119442477
福建,2029,green_plus2pp,0.79141339660733,0.461,0.0040422511160432585
福建,2030,baseline,0.77141339660733,0.441,0.005740362864980749
福建,2030,clean_plus5pp,0.82141339660733,0.441,0.0036179057119442477
福建,2030,green_plus2pp,0.79141339660733,0.461,0.0040422511160432585
贵州,2023,baseline,0.661345357184806,0.421,0.011261785704564426
贵州,2023,clean_plus5pp,0.7113453571848061,0.421,0.009139328551527924
贵州,2023,green_plus2pp,0.681345357184806,0.441,0.009563673955626937
贵州,2024,baseline,0.661345357184806,0.421,0.011261785704564426
贵州,2024,clean_plus5pp,0.7113453571848061,0.421,0.009139328551527924
贵州,2024,green_plus2pp,0.681345357184806,0.441,0.009563673955626937
贵州,2025,baseline,0.661345357184806,0.421,0.011261785704564426
贵州,2025,clean_plus5pp,0.7113453571848061,0.421,0.009139328551527924
贵州,2025,green_plus2pp,0.681345357184806,0.441,0.009563673955626937
贵州,2026,baseline,0.661345357184806,0.421,0.011261785704564426
贵州,2026,clean_plus5pp,0.7113453571848061,0.421,0.009139328551527924
贵州,2026,green_plus2pp,0.681345357184806,0.441,0.009563673955626937
贵州,2027,baseline,0.661345357184806,0.421,0.011261785704564426
贵州,2027,clean_plus5pp,0.7113453571848061,0.421,0.009139328551527924
贵州,2027,green_plus2pp,0.681345357184806,0.441,0.009563673955626937
贵州,2028,baseline,0.661345357184806,0.421,0.011261785704564426
贵州,2028,clean_plus5pp,0.7113453571848061,0.421,0.009139328551527924
贵州,2028,green_plus2pp,0.681345357184806,0.441,0.009563673955626937
贵州,2029,baseline,0.661345357184806,0.421,0.011261785704564426
贵州,2029,clean_plus5pp,0.7113453571848061,0.421,0.009139328551527924
贵州,2029,green_plus2pp,0.681345357184806,0.441,0.009563673955626937
贵州,2030,baseline,0.661345357184806,0.421,0.011261785704564426
贵州,2030,clean_plus5pp,0.7113453571848061,0.421,0.009139328551527924
贵州,2030,green_plus2pp,0.681345357184806,0.441,0.009563673955626937
辽宁,2023,baseline,0.675031353027228,0.409,0.011190304241754632
辽宁,2023,clean_plus5pp,0.7250313530272281,0.409,0.00906784708871813
辽宁,2023,green_plus2pp,0.6950313530272281,0.429,0.009492192492817141
辽宁,2024,baseline,0.675031353027228,0.409,0.011190304241754632
辽宁,2024,clean_plus5pp,0.7250313530272281,0.409,0.00906784708871813
辽宁,2024,green_plus2pp,0.6950313530272281,0.429,0.009492192492817141
辽宁,2025,baseline,0.675031353027228,0.409,0.011190304241754632
辽宁,2025,clean_plus5pp,0.7250313530272281,0.409,0.00906784708871813
辽宁,2025,green_plus2pp,0.6950313530272281,0.429,0.009492192492817141
辽宁,2026,baseline,0.675031353027228,0.409,0.011190304241754632
辽宁,2026,clean_plus5pp,0.7250313530272281,0.409,0.00906784708871813
辽宁,2026,green_plus2pp,0.6950313530272281,0.429,0.009492192492817141
辽宁,2027,baseline,0.675031353027228,0.409,0.011190304241754632
辽宁,2027,clean_plus5pp,0.7250313530272281,0.409,0.00906784708871813
辽宁,2027,green_plus2pp,0.6950313530272281,0.429,0.009492192492817141
辽宁,2028,baseline,0.675031353027228,0.409,0.011190304241754632
辽宁,2028,clean_plus5pp,0.7250313530272281,0.409,0.00906784708871813
辽宁,2028,green_plus2pp,0.6950313530272281,0.429,0.009492192492817141
辽宁,2029,baseline,0.675031353027228,0.409,0.011190304241754632
辽宁,2029,clean_plus5pp,0.7250313530272281,0.409,0.00906784708871813
辽宁,2029,green_plus2pp,0.6950313530272281,0.429,0.009492192492817141
辽宁,2030,baseline,0.675031353027228,0.409,0.011190304241754632
辽宁,2030,clean_plus5pp,0.7250313530272281,0.409,0.00906784708871813
辽宁,2030,green_plus2pp,0.6950313530272281,0.429,0.009492192492817141
重庆,2023,baseline,0.75907408386468,0.446,0.006051873894933864
重庆,2023,clean_plus5pp,0.80907408386468,0.446,0.003929416741897363
重庆,2023,green_plus2pp,0.77907408386468,0.466,0.004353762145996374
重庆,2024,baseline,0.75907408386468,0.446,0.006051873894933864
重庆,2024,clean_plus5pp,0.80907408386468,0.446,0.003929416741897363
重庆,2024,green_plus2pp,0.77907408386468,0.466,0.004353762145996374
重庆,2025,baseline,0.75907408386468,0.446,0.006051873894933864
重庆,2025,clean_plus5pp,0.80907408386468,0.446,0.003929416741897363
重庆,2025,green_plus2pp,0.77907408386468,0.466,0.004353762145996374
重庆,2026,baseline,0.75907408386468,0.446,0.006051873894933864
重庆,2026,clean_plus5pp,0.80907408386468,0.446,0.003929416741897363
重庆,2026,green_plus2pp,0.77907408386468,0.466,0.004353762145996374
重庆,2027,baseline,0.75907408386468,0.446,0.006051873894933864
重庆,2027,clean_plus5pp,0.80907408386468,0.446,0.003929416741897363
重庆,2027,green_plus2pp,0.77907408386468,0.466,0.004353762145996374
重庆,2028,baseline,0.75907408386468,0.446,0.006051873894933864
重庆,2028,clean_plus5pp,0.80907408386468,0.446,0.003929416741897363
重庆,2028,green_plus2pp,0.77907408386468,0.466,0.004353762145996374
重庆,2029,baseline,0.75907408386468,0.446,0.006051873894933864
重庆,2029,clean_plus5pp,0.80907408386468,0.446,0.003929416741897363
重庆,2029,green_plus2pp,0.77907408386468,0.466,0.004353762145996374
重庆,2030,baseline,0.75907408386468,0.446,0.006051873894933864
重庆,2030,clean_plus5pp,0.80907408386468,0.446,0.003929416741897363
重庆,2030,green_plus2pp,0.77907408386468,0.466,0.004353762145996374
陕西,2023,baseline,0.621203286723813,0.426,0.0127534999743863
陕西,2023,clean_plus5pp,0.671203286723813,0.426,0.0106310428213498
陕西,2023,green_plus2pp,0.641203286723813,0.446,0.01105538822544881
陕西,2024,baseline,0.621203286723813,0.426,0.0127534999743863
陕西,2024,clean_plus5pp,0.671203286723813,0.426,0.0106310428213498
陕西,2024,green_plus2pp,0.641203286723813,0.446,0.01105538822544881
陕西,2025,baseline,0.621203286723813,0.426,0.0127534999743863
陕西,2025,clean_plus5pp,0.671203286723813,0.426,0.0106310428213498
陕西,2025,green_plus2pp,0.641203286723813,0.446,0.01105538822544881
陕西,2026,baseline,0.621203286723813,0.426,0.0127534999743863
陕西,2026,clean_plus5pp,0.671203286723813,0.426,0.0106310428213498
陕西,2026,green_plus2pp,0.641203286723813,0.446,0.01105538822544881
陕西,2027,baseline,0.621203286723813,0.426,0.0127534999743863
陕西,2027,clean_plus5pp,0.671203286723813,0.426,0.0106310428213498
陕西,2027,green_plus2pp,0.641203286723813,0.446,0.01105538822544881
陕西,2028,baseline,0.621203286723813,0.426,0.0127534999743863
陕西,2028,clean_plus5pp,0.671203286723813,0.426,0.0106310428213498
陕西,2028,green_plus2pp,0.641203286723813,0.446,0.01105538822544881
陕西,2029,baseline,0.621203286723813,0.426,0.0127534999743863
陕西,2029,clean_plus5pp,0.671203286723813,0.426,0.0106310428213498
陕西,2029,green_plus2pp,0.641203286723813,0.446,0.01105538822544881
陕西,2030,baseline,0.621203286723813,0.426,0.0127534999743863
陕西,2030,clean_plus5pp,0.671203286723813,0.426,0.0106310428213498
陕西,2030,green_plus2pp,0.641203286723813,0.446,0.01105538822544881
青海,2023,baseline,0.769389139945035,0.365,0.009052980598977124
青海,2023,clean_plus5pp,0.819389139945035,0.365,0.006930523445940622
青海,2023,green_plus2pp,0.789389139945035,0.385,0.007354868850039633
青海,2024,baseline,0.769389139945035,0.365,0.009052980598977124
青海,2024,clean_plus5pp,0.819389139945035,0.365,0.006930523445940622
青海,2024,green_plus2pp,0.789389139945035,0.385,0.007354868850039633
青海,2025,baseline,0.769389139945035,0.365,0.009052980598977124
青海,2025,clean_plus5pp,0.819389139945035,0.365,0.006930523445940622
青海,2025,green_plus2pp,0.789389139945035,0.385,0.007354868850039633
青海,2026,baseline,0.769389139945035,0.365,0.009052980598977124
青海,2026,clean_plus5pp,0.819389139945035,0.365,0.006930523445940622
青海,2026,green_plus2pp,0.789389139945035,0.385,0.007354868850039633
青海,2027,baseline,0.769389139945035,0.365,0.009052980598977124
青海,2027,clean_plus5pp,0.819389139945035,0.365,0.006930523445940622
青海,2027,green_plus2pp,0.789389139945035,0.385,0.007354868850039633
青海,2028,baseline,0.769389139945035,0.365,0.009052980598977124
青海,2028,clean_plus5pp,0.819389139945035,0.365,0.006930523445940622
青海,2028,green_plus2pp,0.789389139945035,0.385,0.007354868850039633
青海,2029,baseline,0.769389139945035,0.365,0.009052980598977124
青海,2029,clean_plus5pp,0.819389139945035,0.365,0.006930523445940622
青海,2029,green_plus2pp,0.789389139945035,0.385,0.007354868850039633
青海,2030,baseline,0.769389139945035,0.365,0.009052980598977124
青海,2030,clean_plus5pp,0.819389139945035,0.365,0.006930523445940622
青海,2030,green_plus2pp,0.789389139945035,0.385,0.007354868850039633
