province,year,energy_index,eco_index,efficiency_index
上海,2005,1.6229038869949417,,0.5090354111703055
上海,2006,1.7023749819555818,0.5760896256441614,0.7011017967266606
上海,2007,1.6572707312767752,0.5304919558670214,0.8238757619630143
上海,2008,1.7507495055770512,,0.8700945185363791
上海,2009,1.8761425768392506,,0.946841276408198
上海,2010,1.651459194068725,0.09574300584205866,0.9256672466418783
上海,2011,1.509154039182936,-0.08846415578297,0.9095288633463294
上海,2012,1.648343350507477,-0.1896409446628974,0.9248108939477949
上海,2013,1.620404475561551,-0.19452421760638486,0.8883926427358267
上海,2014,1.523990425437948,-0.26205042414804275,0.8938001894865848
上海,2015,1.5433029142407932,-0.21720404103357432,0.8767840343715663
上海,2016,1.653969180261302,-0.4093415775636289,0.7163875980629141
上海,2017,1.5726941525860314,-0.6187107268299229,0.5687520058864647
上海,2018,1.4396530148378357,-1.4759521405380795,0.6437942323799039
上海,2019,1.4209355351907649,-1.6547410407375316,0.5958919479452337
云南,2005,-1.0816882756266215,,0.9407363870695682
云南,2006,-0.9445177035741372,-1.9278589834548734,1.00000143483277
云南,2007,-0.9277113694568807,-1.1612870126332728,1.1340877497764656
云南,2008,-0.9379736030749735,-1.0035317245324429,1.1918955029525244
云南,2009,-0.9431365177791514,-0.20368321149120308,1.2645841464691936
云南,2010,-0.8119353283138875,-0.1031078524452931,1.3694366442549586
云南,2011,-0.7133141726592676,0.031731708052590256,1.398868501699402
云南,2012,-0.7172142907042175,0.06802338232473401,1.3804960321026887
云南,2013,-1.0652364602729694,-0.3472919277684728,1.0293267914119857
云南,2014,-0.9066994181731104,-0.3385242833352148,1.2111347965219246
云南,2016,-0.9969726744002916,-0.651914364268005,1.0645577345312573
云南,2017,-0.9593613935265491,-0.6913145366109854,0.9397177659423797
云南,2018,-1.1551072313908555,-0.303872499522547,1.018084005464454
云南,2019,-1.1444103700704071,-0.58538192806035,0.753740689209921
内蒙,2005,,,
内蒙,2006,,,
内蒙,2007,,,
内蒙,2008,,,
内蒙,2009,,,
内蒙,2010,,,
内蒙,2011,,,
内蒙,2012,,,
内蒙,2013,,,
内蒙,2014,,,
内蒙,2015,,,
内蒙,2016,,,
内蒙,2017,,,
内蒙,2018,,,
内蒙,2019,,,
北京,2005,0.9769933565788754,,0.8326426200853256
北京,2006,1.0463818646124876,2.12200572343574,1.0032458570587293
北京,2007,1.1322350740601632,0.17162975042756473,1.0916586171593787
北京,2008,1.5901753144799895,0.21496973997598512,1.1907587569069216
北京,2009,1.7008960953162218,2.099115410987866,1.238733772402734
北京,2010,1.6336394797759866,,1.3269653875669989
北京,2011,1.8776792854782773,1.6904346289833205,1.4085745823733362
北京,2012,1.9483502184324653,1.8459072385393922,1.3804838515948008
北京,2013,2.006392444534335,2.0206075797438463,1.4101613496050147
北京,2014,2.044758137162463,2.4655172201944224,1.304717121841937
北京,2015,2.0668387563961668,2.300243771140908,1.282187067811237
北京,2016,2.174835122096782,2.562175059564933,1.0779715498604059
北京,2017,2.0960308694869747,2.75736642798948,0.9132165417654449
北京,2018,2.272959931789026,2.496095531792345,1.0627254964887844
北京,2019,2.3154978029815725,2.6595698621324724,1.06558058072669
吉林,2005,-0.07783539358515842,,-0.582902654844814
吉林,2006,-0.23523731561361394,-0.6649979458223166,-0.5907328892928264
吉林,2007,-0.12914966042367135,-1.0843879686105322,-0.9311218365412729
吉林,2008,-0.32791238986586235,-1.1206953268890227,-1.0587368473959824
吉林,2009,-0.39919796615660996,-0.910682788568112,-0.6789661688080637
吉林,2010,-0.571221746300132,-0.8101331263558759,-0.7696034123306519
吉林,2011,-0.7896884702090142,-1.0500310664674506,-0.9837549577054072
吉林,2012,-0.7213472934771944,-1.3233639834084743,-0.7916952464985298
吉林,2013,-0.6543872634411538,-1.9768141694973762,-0.527549301630492
吉林,2014,-0.6040855921646745,-0.9248238704368668,-0.6041268450844063
吉林,2015,-0.5664140595741063,-0.8274944197425405,-0.5469354328215487
吉林,2016,-0.5221889291263353,-1.5009191177333059,-0.5656580318909132
吉林,2017,-0.19120748671975357,-1.8166735882174543,-0.5594897102603835
吉林,2018,-0.021806510908225392,-1.02014339125426,-0.13885860786362716
吉林,2019,-0.19004733406964675,-0.7697541888667606,0.20242016750310626
四川,2005,0.17425050102521525,,0.9447497619822381
四川,2006,0.2212192962541783,-0.2513020886668236,0.9249938788639996
四川,2007,0.17280164942740034,-0.3410305430573719,0.7432128939055973
四川,2008,-0.2773658515749664,-0.23025194897901793,0.8751657233974305
四川,2009,-0.18519332969867203,-0.18348322357472,0.7980800181523787
四川,2010,-0.28927469618549845,0.02945938641294141,0.8437705261587258
四川,2011,0.3483091461272578,-0.08846415578297,0.5627158672127139
四川,2012,0.03540377685850208,-0.08657521386784198,0.5036244942704027
四川,2013,0.06639876699959311,-0.19452421760638486,0.6525662546761641
四川,2014,0.21789345049389675,-0.49147200170955874,0.7539897287588789
四川,2015,0.29218155846771227,-0.1663465094744938,0.7952718674483533
四川,2016,0.5813578134678744,-0.015160799169026658,0.550153242274165
四川,2017,0.5260402878309621,-0.2919935828151416,0.6208482885793096
四川,2018,0.2876112228614856,-0.07596812488063359,0.8334363693252294
四川,2019,0.3556723421382165,0.1889815673265724,0.9652654824807745
天津,2005,0.8345123255856898,,-0.30139426814306847
天津,2006,0.5842371795695485,0.5107692271459257,-0.14396031400129056
天津,2007,0.48510561986778855,,0.0074380165431048905
天津,2008,0.5053411492129336,,0.1225825228465286
天津,2009,0.4309063139626445,-1.4156824864801867,0.12800323305778
天津,2010,0.9965336778040884,-1.252023922549991,-0.034024652283549915
天津,2011,0.9345360288312305,-0.9779135481661159,-0.07718522876088818
天津,2012,0.8666867828302359,-1.0656996564208414,-0.03935703079415793
天津,2013,0.5467264178780673,-1.0856691935518812,0.04243756137815865
天津,2014,0.6017164591774316,-1.1542454479983828,0.05116290631627913
天津,2015,0.7142096016577117,-0.7512081224039197,0.037907242423506765
天津,2016,0.8472132116994837,-0.8338439542962811,-0.05651705222045413
天津,2017,0.8356610376547247,-1.4536545393121418,-0.10790748743739556
天津,2018,0.7761229565225588,-0.8899123200303115,-0.4246423769636726
天津,2019,0.7702553928852676,-1.3966198756085566,-0.6352007395786787
宁夏,2005,-0.4772465731333816,,
宁夏,2006,-0.09578845847550554,,
宁夏,2007,0.3460254119051539,,
宁夏,2008,-0.10177376107540674,,
宁夏,2009,-0.08185395025833775,,
宁夏,2010,-0.11695763678279915,,
宁夏,2011,-0.20263760515768162,,
宁夏,2012,-0.16629514047384308,,
宁夏,2013,-0.45016951141702266,,
宁夏,2014,-0.6288139764851609,,
宁夏,2015,-0.9002614853305975,,
宁夏,2016,-0.897328043953199,,
宁夏,2017,-1.2885589648311768,,
宁夏,2018,-1.5590394681953514,,
宁夏,2019,-1.5703488138067605,,
安徽,2005,1.2228635740356804,,0.8495232293814134
安徽,2006,-0.9567500127868455,-0.4472632841615308,0.0444843061880212
安徽,2007,-1.080466958226374,0.14599673575331784,-0.1387594191540913
安徽,2008,-0.9802390167767979,-0.06622290567980628,-0.6645314981097278
安徽,2009,-0.8411827385451993,-0.021883320242855362,-0.6003045601033531
安徽,2010,-1.0846135015682412,-0.058918772825881593,-0.7114293886569267
安徽,2011,-1.0141467859770117,0.22404509018948665,-0.5681313527150408
安徽,2012,-0.7704094298303953,-0.0608087811690817,-0.6046628217802347
安徽,2013,-0.7514540143505268,0.18739505779882507,-0.6147168432260288
安徽,2014,-0.6791488126246005,0.4517055949322278,-0.5998593921784611
安徽,2015,-0.7463158720094455,0.4693726350140112,-0.5345913206257044
安徽,2016,-0.6456913793940979,0.5306279709158136,-0.6117446307469036
安徽,2017,-0.49862631520291506,0.5066483247765441,-0.6112022001620763
安徽,2018,-0.4660472810006148,0.5751872312391069,-0.4778164232374855
安徽,2019,-0.44831698649846563,0.5208516367781114,-0.6093356932722334
山东,2005,-0.15166360101734405,,-0.34547980762195546
山东,2006,-0.05140671141236546,0.6196365579763186,-0.9274611130793038
山东,2007,-0.06557871958261818,0.7868221026094905,-0.7191924422702283
山东,2008,-0.14801676431863817,0.8242204722301972,-0.6563105735995203
山东,2009,-0.037986156059208256,0.7861161964164667,-0.45526466797629456
山东,2010,-0.21832454117096028,0.8248628195623472,-0.6138350315721146
山东,2011,-0.22891994153583742,0.7048285455317264,-0.5757207110199465
山东,2012,-0.3002284976279645,0.7894834978901034,-0.4617551316078107
山东,2013,-0.43181888583015854,0.8748497535282094,-0.371804467912955
山东,2014,-0.5598039395769456,0.8595661772638118,-0.5091740895105471
山东,2015,-0.21109541225519046,0.749089058588954,-0.3348342329681716
山东,2016,0.15444051081091928,0.7125575609440931,-0.7570749113427799
山东,2017,0.12578942904797666,0.4703464198860128,-0.4820289332480738
山东,2018,0.23097028160290015,0.3472828565971971,-0.12545967574007752
山东,2019,0.19653012660231425,0.1889815673265724,-0.49341996758837414
山西,2005,-1.6752103915122492,,-2.8715197654689306
山西,2006,-1.456860804746895,-0.599677547324081,-2.8100383494525203
山西,2007,-1.4459019688544523,-0.7511587778453224,-3.1310192767232317
山西,2008,-1.3823236412268767,-0.2536846694503339,-2.7865172976532127
山西,2009,-1.3275098226438453,-0.1632832356582369,-2.675963580482665
山西,2010,-1.2609282618289122,0.051553926222647165,-2.674580378829679
山西,2011,-1.3223475018721995,-0.06442498301586061,-2.5799153669964787
山西,2012,-1.3728983403375965,-0.11234164656660513,-2.409502169876807
山西,2013,-1.475371858362189,0.21285634282584207,-2.492448912613435
山西,2014,-1.4758789201895892,0.17130144457926522,-2.803983472213055
山西,2015,-1.4445527965402765,0.18965621143906977,-3.0245192560875704
山西,2016,-1.5037052921557164,0.16676879085925622,-3.0501456137373584
山西,2017,-1.3696316204712107,-0.07418215347195403,-3.0847131062133255
山西,2018,-1.5200040313968541,0.18449401756726153,-2.660355989444759
山西,2019,-1.5122790075377488,0.373353828132983,-2.170496522955746
广东,2005,1.8816824134509393,,0.756510216852949
广东,2006,1.6673696334377506,0.7285038888067116,0.9453977226668591
广东,2007,1.5684820786267912,0.7611890879352435,0.9796734393453517
广东,2008,1.4861905080712172,0.941384074586777,0.9540636904384214
广东,2009,1.5860367704144833,0.7053162447505343,0.990121748532734
广东,2010,1.3837120682262574,0.7806737399429358,0.9692478042636326
广东,2011,1.207064242400783,0.6086718544632781,0.9354099712124327
广东,2012,1.2340288977336702,0.5575856036012351,0.9533076548766113
广东,2013,1.283513913964338,0.5947756182310534,0.9580336699533584
广东,2014,1.1542797196642853,0.5026881677236757,0.754515978027498
广东,2015,1.1400922835878071,0.5202301665730917,0.7632295165247467
广东,2016,0.4324328406654511,0.7428791592821397,0.5618907271273181
广东,2017,1.1383595368500818,0.9785730883534504,1.005941059673388
广东,2018,1.164603232830279,1.0635537483289137,0.46158875776025277
广东,2019,1.112760242828379,0.7420983497458041,0.42096354178392076
广西,2005,-0.4360925211198988,,
广西,2006,-0.5058810933737313,,
广西,2007,-0.42105215719273337,,
广西,2008,-0.3659005257995822,,
广西,2009,-0.5057573113451815,,
广西,2010,-0.23654481151411375,,
广西,2011,-0.21075249751930097,,
广西,2012,-0.2565447731864669,,
广西,2013,-0.48745376552883013,,
广西,2014,-0.3852532207183752,,
广西,2015,-0.34712922470375,,
广西,2016,-0.42682772896435117,,
广西,2017,-0.40249142123393367,,
广西,2018,-0.48789464227220214,,
广西,2019,-0.4449148299702017,,
新疆,2005,0.9901498679236409,,
新疆,2006,0.8987488143618636,,
新疆,2007,0.7781048681284657,,
新疆,2008,0.6563255044412085,,
新疆,2009,0.3228018151572767,,
新疆,2010,0.28531216272592697,,
新疆,2011,0.2044956418544747,,
新疆,2012,0.1572875435487617,,
新疆,2013,0.5626902934911124,,
新疆,2014,0.784396843598827,,
新疆,2015,0.7497692167598602,,
新疆,2016,0.5694736071050616,,
新疆,2017,0.31146511860307863,,
新疆,2018,0.40070250373955063,,
新疆,2019,0.3167613577447097,,
江苏,2005,0.27047786071361196,,-0.14465535438709431
江苏,2006,0.30263373028308876,1.534122136951618,0.11414734629835363
江苏,2007,0.19222372032631257,1.863408718927859,0.19738861050224532
江苏,2008,0.18996717127188742,1.480336645427045,0.2854328490189959
江苏,2009,0.3284578957339831,0.9477160997483314,0.3438609474966597
江苏,2010,0.36947864054433127,0.9574300584205817,0.2709194631477045
江苏,2011,0.19553336152616657,0.8490635821343987,0.20059090395058346
江苏,2012,0.347200197018163,0.8152499305888665,0.22779658415677526
江苏,2013,0.29795154945190844,0.823927183474181,0.16996146888130947
江苏,2014,0.3020709473137962,0.8085836044723638,0.1817849878605214
江苏,2015,0.18817740922117632,0.8762328874866553,0.1438162292543897
江苏,2016,0.25378679534815224,0.8944871509723725,0.1113484312358926
江苏,2017,0.20484913918588563,0.7970635639007941,-0.047115590968376336
江苏,2018,0.23902892174388773,0.7705338380750296,0.17780427643854696
江苏,2019,0.06897683655728899,0.7789728019070863,-0.04100966315504725
江西,2005,-0.46185197206178813,,0.4621541020112057
江西,2006,-0.57584464673986,-0.011793960839960342,0.6245320720073484
江西,2007,-0.9227755588833002,0.914987175980725,0.11725658171498274
江西,2008,-0.954267388486185,1.2928748816565174,-0.06699660745000682
江西,2009,-1.0252726108722552,1.4325158097439252,-0.009365190364787834
江西,2010,-0.6007015826175471,1.9516843498573406,-0.0990834012725826
江西,2011,-0.7494297233266606,1.9789047021886623,-0.024044289392857122
江西,2012,-0.7305259510872039,1.794374373141866,-0.01584759184184222
江西,2013,-0.6805896535059577,1.511381879203564,-0.08832661779531924
江西,2014,-0.7714689669609922,1.3184093323868438,0.000600003584494643
江西,2015,-0.8890087559168772,1.2068068426206786,-0.03561565771249161
江西,2016,-0.7862555610691182,1.1067383393386987,-0.17236674880084352
江西,2017,-0.787950957755253,1.5957054714924817,-0.21185392055114693
江西,2018,-0.7320434227109649,1.6821513366426653,-0.17785925481474957
江西,2019,-0.6934258802357145,1.5533362972940108,0.40642125549865865
河北,2005,-1.5165800763855537,,-2.1580499375968274
河北,2006,-1.414495283908205,0.2059407008208255,-2.036109526379579
河北,2007,-1.477126408867349,0.24852879445030546,-1.790522641589092
河北,2008,-1.5803594049854475,0.5664605470457243,-1.9102886188101416
河北,2009,-1.5138573585538333,0.5437163414186709,-1.6832995378775752
河北,2010,-1.4550388152803346,1.0899972972788163,-1.6236045553654075
河北,2011,-1.4445246059133727,0.8490635821343987,-2.0576807840112887
河北,2012,-1.5402387957847137,0.5060527382037089,-2.011583663884003
河北,2013,-1.7623725833362962,0.5183917631500109,-2.060164678633825
河北,2014,-1.751498656968721,0.6301445997022957,-1.8183022474114086
河北,2015,-1.7033595605266725,0.4693726350140112,-1.6548803972130743
河北,2016,-1.6280076187408021,0.2577335858733943,-1.727252297615704
河北,2017,-1.4862266852008066,0.361440705214419,-1.4964655301488907
河北,2018,-1.7020719717061044,0.28216732098522285,-1.7772735615683604
河北,2019,-1.7901132347081752,0.373353828132983,-1.5146203195138173
河南,2005,-1.0214754006599809,,-1.01928967858462
河南,2006,-1.04762719045379,-0.4037163518293761,-1.2855761786395603
河南,2007,-1.057892774481502,-0.31539752838312785,-1.014155631919269
河南,2008,-0.9936434286881951,-0.20681922850770199,-0.9720890225170076
河南,2009,-1.00114218163606,-0.20368321149120308,-1.0431342981866276
河南,2010,-1.0524024712981412,-0.25776963111323337,-0.4159517612390942
河南,2011,-0.8834886401113715,-0.4730909200567628,-0.6729765868550688
河南,2012,-0.39651352071612317,-0.5503710024455786,-0.4426153300306482
河南,2013,-0.19131372394047094,-0.3982144978224983,-0.3798180395892933
河南,2014,-0.38793153607450964,-0.2875417105437696,-0.13007921027389419
河南,2015,-0.37472605099277967,-0.4206341672698964,0.0010297890764497696
河南,2016,-0.11486864551776448,-0.19709038919730618,0.12885535076775992
河南,2017,-0.04359122111626655,-0.5098050121583332,0.4688956996824251
河南,2018,-0.022490279033069736,-0.23875696391056916,-0.125321425069059
河南,2019,0.0582247497453358,-0.10601404996368456,-0.0799143167612446
浙江,2005,1.0944816798983044,,0.22486806653197933
浙江,2006,1.1393503877494608,0.1841672346547469,0.3270169348376581
浙江,2007,1.1813722899323522,0.14599673575331784,0.4234464094432219
浙江,2008,1.2750089211278537,0.33213334233256486,0.468183859643607
浙江,2009,1.4284564164842697,0.18011655892197542,0.5481659374255469
浙江,2010,1.4352856331364239,0.11783754565176197,0.5662512892088564
浙江,2011,1.412610710419735,-0.0403858102487459,0.4790397934696395
浙江,2012,1.4547828396823475,0.22262197851731286,0.5092037391489643
浙江,2013,1.3303738953427737,0.28924019790688177,0.5724027706789668
浙江,2014,1.2645065127703947,0.3497404493493318,0.5297690904196417
浙江,2015,1.2069883088927675,0.31680004033677106,0.5461403019967525
浙江,2016,1.390955754384626,0.3183767825494874,0.400231992701438
浙江,2017,1.411947113681834,-0.14678596325302057,0.24771530730099317
浙江,2018,1.4801870675595348,0.1519362497612744,0.27973033603575825
浙江,2019,1.4752331048896214,0.07835821084272604,0.27547669376046385
海南,2005,1.540907090846095,,1.5768076455666462
海南,2006,2.502521664941784,0.9244650843014188,1.6379462951986319
海南,2007,2.5065522342474056,1.2738493814201817,1.6230923170802336
海南,2008,2.560918473099771,1.3631730430704654,1.6638410595761437
海南,2009,2.421503898261722,0.9275161118318482,1.642974091457166
海南,2010,2.34830474677304,1.0679027574691105,1.7915375504828643
海南,2011,2.298855254638405,0.7769460638330625,1.8111438075338435
海南,2012,2.2082944562932045,0.5575856036012351,1.7759708986890823
海南,2013,2.18664397940238,0.7475433283931385,1.7392701934429675
海南,2014,2.164875233474299,0.4771968813279518,1.5882736319095005
海南,2015,2.1188330502301795,-0.4206341672698964,1.5409859013164229
海南,2016,2.018986829732979,0.10612559418315969,1.3300031853388652
海南,2017,1.7337973438133154,-0.25569167792461034,1.0987713884438726
海南,2018,1.6628618902523753,-0.04341035707464647,1.3012709044189188
海南,2019,1.6867622984117254,0.15210711516529027,1.3031751562057796
湖北,2005,-0.5086547458032801,,0.10093535506013691
湖北,2006,-0.3086928455611662,0.5325426933120043,-0.012716717398889379
湖北,2007,-0.38453906023443424,0.5304919558670214,0.25388867660097
湖北,2008,-0.24205173768709473,0.3087006218612489,0.23223319273459034
湖北,2009,-0.2892083464856446,0.09931660725604087,0.2507358243165188
湖北,2010,-1.003839258327902,-0.014729693206470091,0.13699894407243124
湖北,2011,-1.15542845220961,-0.0403858102487459,0.4451481967894343
湖北,2012,-1.2043184667799895,-0.0350423484703157,0.6424838615544056
湖北,2013,-0.6324652295713351,-0.2709080726874274,0.6227520943913613
湖北,2014,-0.5285645325115664,-0.38950685612666275,0.4853188472864641
湖北,2015,-0.5620869034109837,-0.4714916988289769,0.4859687509516413
湖北,2016,-0.6087309042567128,-0.7125575609440947,0.38935442350007227
湖北,2017,-0.6463364728552695,-0.8728240610636416,0.4371952630112361
湖北,2018,-0.41448784447352416,-0.759681248806363,0.19346871429835685
湖北,2019,-0.2881805671939475,-0.880377545350607,-0.19989706124910328
湖南,2005,-1.2123403942190296,,0.43381557690605843
湖南,2006,-1.0376304981216076,0.009979505326118243,0.3028093253375996
湖南,2007,-1.1384679513062583,0.017831662382083318,0.42971278190201073
湖南,2008,-0.9619894438255676,-0.11308834662243819,0.5468561679520678
湖南,2009,-0.7356668299442342,-0.14308324774175385,0.47523853678333433
湖南,2010,-0.37195335266167734,-0.25776963111323337,0.5106431872624768
湖南,2011,-0.39146926107107655,-0.4250125745225387,0.44706054569955095
湖南,2012,-0.381288870101857,-0.5246045697468154,0.7108411226216075
湖南,2013,-0.3071646567242378,-0.3982144978224983,0.6865459599184577
湖南,2014,-0.3701900013566119,-0.21106785135659478,0.9416070783150401
湖南,2015,-0.7921442799814,0.08794114832090875,0.7773153910493081
湖南,2016,-0.8884277192641136,0.1970903891973028,0.7858870989168066
湖南,2017,-1.2126562884730796,0.14362927587123148,0.681855724129925
湖南,2018,-0.9825107027902078,0.1519362497612744,0.9295760103800208
湖南,2019,-0.9231004531960144,-0.03226514564112032,1.0879874926451436
甘肃,2005,0.05724654068326246,,-0.8572150519808467
甘肃,2006,0.07842783195163773,-1.3182019308046742,-0.30084802711425135
甘肃,2007,-0.042428632801338996,-2.929965025156308,-0.2191345054216558
甘肃,2008,0.045757558789918655,-2.4329276732827148,-0.10659737897875318
甘肃,2009,0.21085118994719884,-2.021682123974678,-0.5300298532637274
甘肃,2010,-0.07679684027783959,-2.356750913035277,-0.43521793105380074
甘肃,2011,-0.1366346005487472,-2.564498950795511,-0.3220528991894467
甘肃,2012,-0.22428207551991527,-2.328254858660234,-0.300963665211848
甘肃,2013,0.022817582312270025,-1.798585174308277,-0.43056645191120296
甘肃,2014,-0.0758503751666803,-2.199388190223065,-0.5293317917971012
甘肃,2015,-0.1469739892125457,-2.3277916007354142,-0.43455085205721583
甘肃,2016,-0.08214112055980216,-2.5621750595649346,0.2804700992229312
甘肃,2018,0.10879674968587068,-2.35501187129973,0.451824562474566
甘肃,2019,0.047954242029406714,-1.9497366580277884,0.6231279238856875
福建,2005,0.07713945917286848,,1.2052363417592749
福建,2006,0.081422632806699,0.42367536248161136,1.0146054019005397
福建,2007,0.18343558858584177,0.37669386782153996,0.6385716914247785
福建,2008,0.16366857051113745,0.6133259879883562,0.427957988479202
福建,2009,0.03475518231278483,0.4831163776692216,0.8078117394745592
福建,2010,0.20540945268370345,0.7143901205138184,0.6556275084971682
福建,2011,0.29371696913766143,0.6807893727646143,0.5899195590551956
福建,2012,0.23786511953302594,0.7637170651913403,0.6567319662659175
福建,2013,0.4676905812715857,0.9257723235822378,0.6395580222863892
福建,2014,0.7407032974760281,0.8595661772638118,0.5925120992713822
福建,2015,0.48861869807588254,0.9270904190457359,0.6663130082674259
福建,2016,0.5080054233181571,1.0157735443245588,0.8936590123756714
福建,2017,0.48902280127457676,1.0511768981345129,1.137133984784021
福建,2018,0.35012490425878684,1.1612270517468715,0.30898353993182265
福建,2019,0.35944679971617155,1.1845917756811897,0.1854646678461803
贵州,2005,-1.7241248214389788,,-0.14968224369307684
贵州,2006,-1.5458053223203652,-1.1440142014760455,-0.5311429541160961
贵州,2007,-1.309803189888566,-1.2894520860045073,-0.3337043847786294
贵州,2008,-1.147173460687331,-1.519051574901394,-1.2730023635585046
贵州,2009,-1.209491857239045,-2.0014821360581974,-1.527397715624673
贵州,2010,-1.470084406415699,-1.8043874177926347,-0.7352160831843882
贵州,2011,-1.4559766318438572,-1.5067753490425824,-0.1120211682680503
贵州,2012,-1.617484258791114,-1.6067947430948688,-0.7514162718476222
贵州,2013,-1.573856981041186,-1.1875143336599379,-1.0750090797948124
贵州,2014,-1.6126689191080184,-1.3836670255598973,-0.8777951621314997
贵州,2015,-1.5339902430252725,-0.878351951301621,-0.5244146295458192
贵州,2016,-1.4038336446552566,-0.9551303476484674,-0.22042876401736095
贵州,2017,-1.2866042644143851,-1.3810507295310792,0.09638468659291906
贵州,2018,-1.0040510641766536,-0.6945657131943888,0.5767195381169912
贵州,2019,-0.9690706055501591,-0.6960052845442005,0.11396050221498406
辽宁,2005,0.14921947664006852,,0.10769280604086756
辽宁,2006,0.06962256085762,0.4889957609798471,-0.3048024631443296
辽宁,2007,-0.18666424226946704,0.5048589411927745,-0.1985994422686724
辽宁,2008,-0.12554862599584993,0.42586422421782866,0.20798782696404625
辽宁,2009,-0.2241169151643646,0.20031654683845626,-0.5999281830819477
辽宁,2010,-0.011323979104523568,0.33878294374881945,-1.1955027114305348
辽宁,2011,0.06636023295699514,0.29616260849082016,-1.062461141152185
辽宁,2012,0.10412132956147603,0.2999212766136051,-0.9869893145176721
辽宁,2013,-0.1974675307619801,0.26377891287987043,-0.7699903307450543
辽宁,2014,-0.20094506654571628,0.17130144457926522,-0.8533891189904078
辽宁,2015,-0.07778515254968689,0.24051374299814748,0.047529923339389005
辽宁,2016,0.10236289625322005,-1.0764167410006538,0.177822018436377
辽宁,2017,0.03860491887570635,-0.037880248581424796,-0.11883574079770548
辽宁,2018,-0.10153875870503697,-0.2713147317165599,-0.07080511286687845
辽宁,2019,-0.12818377236802947,-0.1797629542862488,0.47177556818513544
重庆,2005,0.008835266398017867,,0.026258359403661422
重庆,2006,0.1730414870177062,-2.428648705274681,0.1388425551642491
重庆,2007,0.31897930906738337,-0.9562228952392976,0.2960156813125416
重庆,2008,-0.38052669136866485,-0.08965562615112224,0.10301818217396866
重庆,2009,-0.4362556956462927,0.24071652267142468,0.2317767030273867
重庆,2010,-0.44164920972625593,0.6260119612749967,0.18845219606947977
重庆,2011,-0.4258753233981054,0.39231929955927103,0.2093407070408884
重庆,2012,-0.4144679880683669,0.9956149594802085,0.2908180379165751
重庆,2013,-0.009200650771939113,0.6456981882850817,0.5901636524224386
重庆,2014,-0.10487910075916232,0.2987578765578852,0.4923331181935879
重庆,2015,-0.08156917253216342,0.24051374299814748,0.5192515163782105
重庆,2016,0.2488937492438978,0.2577335858733943,0.4523205715141583
重庆,2017,0.10889811193865105,-0.18308786814355182,0.3118405573435162
重庆,2018,0.20040441962069094,-0.10852589268662431,0.2639035884230571
重庆,2019,0.33560338987135324,0.1889815673265724,0.25179063105184124
陕西,2005,-0.5568991333839427,,-0.5407771175003975
陕西,2006,-0.2908141787113304,0.336581497817297,0.164263605537231
陕西,2007,0.06697007701711576,0.5561249705412683,-0.2831096480077604
陕西,2008,0.15303749159135627,0.5664605470457243,0.21417492597089988
陕西,2009,-0.06302985392258166,0.30131648642087167,-0.18545892197323136
陕西,2010,-0.12896684928671842,0.11783754565176197,-0.782726911164407
陕西,2011,-0.2069896525771005,0.031731708052590256,-0.6381653811060986
陕西,2012,-0.2835956057437114,0.35145414201112857,-1.1770203348548844
陕西,2013,-0.4244837439912418,0.26377891287987043,-1.217157669123695
陕西,2014,-0.4311311762188909,0.2732665901621612,-1.1735358062071826
陕西,2015,-0.5934072878265638,0.31680004033677106,-1.7218130627179304
陕西,2016,-0.4317344723303353,0.04548239750706988,-1.7597249854937151
陕西,2017,-0.41991676902921315,-0.32829548770567685,-1.8086560533485216
陕西,2018,-0.44493388854512805,-0.6294501775824182,-2.524517904367994
陕西,2019,-0.41822236638689475,-0.7328797367054827,-2.979148016869279
青海,2008,0.5299255672631064,-1.8939751024424492,0.14082344048113085
青海,2009,0.479051287520688,-1.6782823293944666,0.32218470273875927
青海,2010,0.8934222329226899,-1.8485764974120462,0.5352584707559628
青海,2011,0.9833089533762773,-1.7952454222479242,0.2767685677894144
青海,2012,0.8552887862313454,-1.6840940411911554,0.0368394356004405
青海,2013,0.7032026126375925,-2.0277367395514045,0.025979961193708823
青海,2014,0.6756211850339622,-1.9954578990572733,0.11805755800423612
青海,2015,0.4618084488582552,-2.429506663853575,0.3284243015401301
黑龙,2005,,,
黑龙,2006,,,
黑龙,2007,,,
黑龙,2008,,,
黑龙,2009,,,
黑龙,2010,,,
黑龙,2011,,,
黑龙,2012,,,
黑龙,2013,,,
黑龙,2014,,,
黑龙,2015,,,
黑龙,2016,,,
黑龙,2017,,,
黑龙,2018,,,
黑龙,2019,,,
上海,2020,1.3283394900548922,-1.526584579286337,0.5516766532209442
上海,2021,1.243024656305104,-1.4795395601319317,0.4788986729542917
上海,2022,1.1496058763109334,-1.519447228694142,0.3953335149317341
云南,2020,-1.0783795900431405,-0.4082075981241829,0.9449422131343459
云南,2021,-1.0802622830756692,0.14931133175643407,0.9065995762645119
云南,2022,-0.9595583829291412,0.1718341923812621,0.9166053019489576
北京,2020,2.2890557034048387,2.5624812580877854,1.0016427652957944
北京,2021,2.1756477760528408,2.456850095264953,0.9382941126851962
北京,2022,2.197370337856707,2.4381512966223045,0.8877537647790629
吉林,2020,0.04600928825966343,-0.4431568787855041,0.3395727211735177
吉林,2021,0.03773091739693187,-0.3257701783776732,0.3838427315865686
吉林,2022,0.004332319142480855,0.0365316786952296,0.44616383648461755
四川,2020,0.4565536532420755,0.29077801510216156,0.9515708887800851
四川,2021,0.4289522468157838,0.35291769324248007,0.90382192847838
四川,2022,0.6118944942977221,0.3071367060672946,0.9955225909204407
天津,2020,0.686717446516932,-1.421736737302385,-0.19651162017695817
天津,2021,0.8053811986029854,-1.2759331986458895,-0.038955536730654876
天津,2022,0.814962021088391,-1.4179703434296178,-0.11000054880006706
宁夏,2020,-1.5164761610773887,,
宁夏,2021,-1.7869411933064894,,
宁夏,2022,-1.8452228344663113,,
安徽,2020,-0.5870779978091811,0.11603161179557497,-0.5970644425923777
安徽,2021,-0.6105482058030149,0.6922616290525566,-0.47931561229180203
安徽,2022,-0.5250815619929854,0.915998017654437,-0.2945843032626367
山东,2020,0.1287821919682431,-0.0237655108496943,-0.4613120742672549
山东,2021,0.15307505817729347,0.3189832996614724,-0.4149986433116521
山东,2022,0.2581764315703042,0.4086135913318152,-0.4511096590415871
山西,2020,-1.5437044858195919,0.780067944360604,-2.3677462795709054
山西,2021,-1.7490754685753649,0.5565240547285261,-2.5222141314401094
山西,2022,-1.4084030624565689,0.47626484817483516,-1.296923723255716
广东,2020,1.085761361441558,0.6402708217153348,0.6989789688925171
广东,2021,1.2077545447707623,0.28504890608046474,0.7912898977959748
广东,2022,1.13459223899602,0.6792186187038839,0.7285158961067012
广西,2020,-0.8005656422085421,,
广西,2021,-0.938261229558208,,
广西,2022,-1.048397175018373,,
新疆,2020,0.4240500878554002,,
新疆,2021,0.2541053698496113,,
新疆,2022,0.25849006596986607,,
江苏,2020,0.1608086141627508,0.6402708217153348,0.03906866491666082
江苏,2021,0.13060439825541822,0.5565240547285261,0.057307619403843275
江苏,2022,0.06269579343140347,0.5100904765963433,-0.06797594214965932
江西,2020,-0.6457115874453297,1.6537999608935332,-0.10492926493603197
江西,2021,-0.6250454287874967,1.6424246493207693,-0.02360861276832299
江西,2022,-0.6558074487989267,1.3557311871340463,-0.10352020902802767
河北,2020,-1.869224926437526,0.43057513774743084,-2.5114698130847284
河北,2021,-1.6225018559417106,0.28504890608046474,-2.0785376670980877
河北,2022,-1.7438198779095933,0.4086135913318152,-2.2530555497351026
河南,2020,-0.08923959743319645,0.08108233113425765,0.003203696243010779
河南,2021,-0.0601608131901089,-0.15609821047263486,-0.09071145915736573
河南,2022,-0.05240899587485095,-0.7752834034209672,-0.22380593449548106
浙江,2020,1.5270259001488273,0.1859301731182096,0.38793812636319475
浙江,2021,1.3528360841339733,-0.19003260405364253,0.3233777281221395
浙江,2022,1.8598722581652485,-0.16642209183381915,0.2686289419103665
海南,2020,1.6996922194573656,-0.37325831746286553,1.3187180903289564
海南,2021,1.996436896522724,-0.42757335912069616,1.2413043736923897
海南,2022,1.6113773312278683,-0.06494520656929477,1.2360374322950938
湖北,2020,-0.3644218194041597,-0.1985119141562809,0.4096572777705039
湖北,2021,-0.44392761494235145,0.25111451249945704,0.34552185745718283
湖北,2022,-0.7675652116752403,0.10418293553824584,0.2443809627088046
湖南,2020,-0.9450439596616305,-0.058714791511011624,0.6643252825960673
湖南,2021,-0.4085832597771025,0.047508151013411104,0.8211935468524879
湖南,2022,-0.453941889115576,-0.09877083499080289,0.8062860305069264
甘肃,2020,0.040354088304001015,-1.8760773858995103,-0.05888974633151369
甘肃,2021,-0.06304608623563114,-1.954621070266039,-0.10143884576982613
甘肃,2022,-0.0887335710180926,-2.1621341687027966,-0.05209094004508772
福建,2020,0.4520978158098404,1.0247129089898253,0.7929263693616764
福建,2021,0.4393696470799332,0.7601304162145682,0.7244485429288113
福建,2022,0.42305377630112595,0.5100904765963433,0.6329433195549325
贵州,2020,-0.9245296109986197,-0.26841047547891556,0.522134423919131
贵州,2021,-0.6125352544190077,-0.08822942331061955,0.7761433420906063
贵州,2022,-0.45291061241697894,-0.16642209183381915,1.0884879386540534
辽宁,2020,-0.17968194606869206,0.011183769811623017,-0.920758713607379
辽宁,2021,-0.25521461276814295,-0.08822942331061955,-0.8576940103750063
辽宁,2022,-0.3439921194102573,-0.5723296328919166,-0.9653231284020625
重庆,2020,0.17836178264586006,0.5004736990700654,0.5479250269885367
重庆,2021,0.3421954779556993,0.18324572533744174,0.5232723864754344
重庆,2022,0.32485271266334625,0.6792186187038839,0.46694812906654787
陕西,2020,-0.6082633586959332,-0.30335975614023286,-2.0483675168285846
陕西,2021,-0.7218944692685717,-0.08822942331061955,-2.3979935973979596
陕西,2022,-0.7723768661789882,0.002706050273721476,-3.0425057616835174
青海,2020,0.6487110398306953,-2.0158745085447793,0.09276830241079877
青海,2021,0.4108835037298102,-2.463636973981154,-0.20984820044703334
青海,2022,0.40694395224049196,-2.060657283438272,-0.2527119599692915
